codice,descrizione,quantita,id,esploso
1108001-Y01,Acceleration System,1,,Y0205001
1108010-Y01,Electrical accelerator pedal,1,1,Y0205001
Q1860625,Hexagon bolt with flange,3,2,Y0205001
2101000Y0205,Power battery assy,,,Y0205002
2101000-Y0201,Power Battery Assy (with battery lock) (ENI customized version),,,Y0205002
2101010Y0205,Power battery box,1,1,Y0205002
2101010Y0201,Power battery box,,,Y0205002
2101013-Y01,Anti-friction bushing,6,1-2,Y0205002
2101017-Y01,Anti-theft bolt  battery box,2,1-3,Y0205002
2101018-Y01,Cover plate  battery box,1,1-4,Y0205002
2101018Y0201,Cover plate  battery box (with battery lock） (ENI customized version),,,Y0205002
2101019-Y01,Battery positive wire harness,1,1-5,Y0205002
210101AY0205,Battery negative wiring harness,1,1-6,Y0205002
210101B-Y01,Battery box fast-plug,1,1-7,Y0205002
210101CY0205,Battery box communication wiring harness,1,1-8,Y0205002
210101H-Y01,Module connecting line,2,1-9,Y0205002
Q174B0614T1F,M6*14-304 Cross recessed outer hexagonal bolt  single coil lock washer and plain washer assemblies,6,1-10,Y0205002
Q174B0425T1F,M4* 25- 304 Cross recessed outer hexagonal bolt  single coil lock washer and plain washer assemblies,12,1-11,Y0205002
Q174B0410T1F,M4*10-304 Cross recessed outer hexagonal bolt  single coil lock washer and plain washer assemblies,8,1-12,Y0205002
5306142-Y01,Sponge strip (W12* T5),,1-13,Y0205002
Q1461025,M10×25 Cross recessed hexagon bolt with indentation  single coil lock washer and plain washer assemblies,4,,Y0205002
2101020Y0205,Power battery module,3,3,Y0205003
2101011Y0205,Battery sampling unit（ BSU）,1,3-1,Y0205003
2109013Y0205,Left mounting bracket  BSU        ,1,3-2,Y0205003
2109014Y0205,Right mounting bracket  BSU,1,3-3,Y0205003
2101030-Y01,Switching mode special socket ,1,,
2101030Y0201,Battery box assy (ENI customized version),1,,
Q174B0530T1F,M5*30-304 Cross recessed outer hexagonal bolt  single coil lock washer and plain washer assemblies,4,,
Q174B0310T1F,M3*10-304 Cross recessed outer hexagonal bolt  single coil lock washer and plain washer assemblies,3,,
2109010Y0205,Control box  power system (formerly HV box),1,4,Y0205004
2109011-Y01,HV box casing,1,04-gen,Y0205004
2109211-Y01,HV box cover,1,04-feb,Y0205004
Q174B0410T1F,M4*10-304 Cross recessed outer hexagonal bolt  single coil lock washer and plain washer assemblies,8,04-mar,Y0205004
2109119Y0205,Splitter,1,4-4,Y0205004
Q174B0416T1F,M4*16-304 Cross recessed outer hexagonal bolt  single coil lock washer and plain washer assemblies,1,04-mag,Y0205004
Q304B04,Outer hexagonal nut,1,04-giu,Y0205004
2101012-Y01,HV sampling case,1,04-lug,Y0205004
Q174B0414T1F,M4* 14- 304 Cross recessed outer hexagonal bolt  single coil lock washer and plain washer assemblies,4,04-ago,Y0205004
Q32004,Hexagon nut with flange,4,4-9,Y0205004
2109015-Y01,150A relay,1,4-10,Y0205004
Q174B0620T1F,M6* 20- 304 Cross recessed outer hexagonal bolt  single coil lock washer and plain washer assemblies,2,04-nov,Y0205004
2109016-Y01,50A relay,1,4-12,Y0205004
Q174B0620T1F,M6* 20- 304 Cross recessed outer hexagonal bolt  single coil lock washer and plain washer assemblies,2,04-ott,Y0205004
S32006003,hexagon nut with flange,2,4-13,Y0205004
2109017-Y01,20A relay,2,4-14,Y0205004
Q174B0416T1F,M4*16-304 Cross recessed outer hexagonal bolt  single coil lock washer and plain washer assemblies,4,04-mag,Y0205004
Q32004,Hexagon nut with flange,4,apr-15,Y0205004
2109018-Y01,300A 750V slow-blow fuse,1,4-16,Y0205004
Q174B0818T1F,M8*18-304 Cross recessed outer hexagonal bolt  single coil lock washer and plain washer assemblies,2,apr-17,Y0205004
2109119-Y01,50A 750V slow-blow fuse,1,apr-18,Y0205004
Q174B0614T1F,M6*14-304 Cross recessed outer hexagonal bolt  single coil lock washer and plain washer assemblies,2,apr-19,Y0205004
2109111-Y01,20A 750V slow-blow fuse,1,apr-20,Y0205004
Q174B0614T1F,M6*14-304 Cross recessed outer hexagonal bolt  single coil lock washer and plain washer assemblies,2,apr-19,Y0205004
2109112-Y01,75Ω 100W pre-charge resistance,1,apr-21,Y0205004
Q174B0414T1F,M4* 14- 304 Cross recessed outer hexagonal bolt  single coil lock washer and plain washer assemblies,6,04-giu,Y0205004
Q32004,Hexagon nut with flange,6,04-set,Y0205004
Q174B0614T1F,M6*14-304 Cross recessed outer hexagonal bolt  single coil lock washer and plain washer assemblies,2,apr-19,Y0205004
2109113Y0205,Communications wiring harness  high-voltage box,1,apr-23,Y0205004
S14606005,Hexagon bolt  spring washer and plain washer assy M6×16,4,,Y0205004
2103000-Y01,Drive Motor Assembly,1,,Y0205005
2103010-Y01,Motor (7.5KW),1,1,Y0205005
Q1841255,Hexagon bolt with flange,4,2,Y0205005
S40312001,Spring washer,4,3,Y0205005
Q401B12,Plain washer,4,4,Y0205005
S34012001,Hexagon nuts  style 1,4,5,Y0205005
2103020-Y01,Phase line pressing plate,1,6,Y0205005
S32006003,hexagon nut with flange,2,7,Y0205005
2105000Y0205,High-Voltage Wiring Harness Assy,1,,Y0205006
2105010-Y01,Positive wiring harness  motor controller,1,1,Y0205006
2105020-Y01,Negative wiring harness  motor controller,1,2,Y0205006
2105030Y0205,High voltage wiring harness  auxiliary system,1,3,Y0205006
2105040-Y01,Double-pipe clamping piece (Ф34),2,4,Y0205006
S32006003,hexagon nut with flange,2,5,Y0205006
2105050-Y01,Change-over wiring harness  power-off switch,1,6,Y0205006
2105060-Y01,Dual-head hoop line card(19mm),1,7,Y0205006
2107000Y0200,Charging system,1,,Y0205007
2107060Y0200,OBC and DCDC assembly,1,1,Y0205007
S18408006,Hexagon bolt with flange,1,2,Y0205007
S18608002,Hexagon bolt with flange,2,3,Y0205007
2107070Y0200,OBC and DCDC assembly connecting bracket,1,4,Y0205007
S18608002,Hexagon bolt with flange,2,5,Y0205007
2107020Y0200,European standard charging base,1,6,Y0205007
2107030-Y01,EV Charger (EN),1,7,Y0205007
2107040-Y01,Double-head charger (EN),1,8,Y0205007
2107050-Y01,Charging gun bag,1,9,Y0205007
2108000-Y01,VBU assembly,1,,Y0205008
2108010-Y01,Vehicle control unit,1,1,Y0205008
2108010Y0201,Vehicle control unit (ENI customized version),1,2,Y0205008
S32006003,hexagon nut with flange,4,3,Y0205008
2142000-Y01,Motor control unit assy,1,,Y0205009
2142010-Y01,Motor controller assembly,1,1,Y0205009
Q1460820,Hex bolt  spring washer and plain washer assy M8×20,4,2,Y0205009
3600000-Y01,Vehicle electronic Unit,1,,Y02050010
3601010-Y01,Body control module（BCM）,1,1,Y02050010
3601010Y0200,Body control module（BCM）,1,1,Y02050010
3601010Y0201,Body control module (BCM) (ENI customized version),1,1,Y02050010
S32006003,hexagon nut with flange,2,2,Y02050010
3700000-Y01,Vehicle Electrical Equipment,1,,Y02050011
3703010-Y01,12V Battery,1,1,Y02050011
3704010-Y01,Passive start switch,1,2,Y02050011
3721010-Y01,High pitch horn,1,3,Y02050011
Q1860630,Hexagon bolts with flange M6×30,1,4,Y02050011
3736010-Y01,Power off switch,1,5,Y02050011
3736011-Y01,Power off switch protection sleeve,1,,Y02050011
S14606005,Hexagon bolt  spring washer and plain washer assy M6×16,2,6,Y02050011
3746010-Y01,Windows regulator control switch,2,9,Y02050011
3766010-Y01,Warning switch,1,10,Y02050011
3774010-Y01,Combination switch assembly,1,11,Y02050011
S23004001,Cross recessed pan head screw,2,12,Y02050011
3778010-Y01,Steering wheel lock,1,13,Y02050011
3781010-Y01,Shift switch,1,14,Y02050011
3781010-Y01-A,Shift switch (without S position),1,,Y02050011
3782010-Y01,Adjusting switch  electric rear-view mirror,1,15,Y02050011
3790010-Y01,Lock cylinder  left door,1,16,Y02050011
3790030-Y01,Circlip  lock cylinder  left door,1,17,Y02050011
3790020-Y01,Tailate open switch,1,18,Y02050011
3791010-Y01,Remote control,2,19,Y02050011
3791010Y0201,Remote control (ENI customized version),1,,Y02050011
3791020-Y01,PE switch (with antenna),1,20,Y02050011
3504102-Y01,Brake switch,2,21,Y02050011
3721020-Y01,low speed alarm (AVAS),1,24,Y02050011
S32006003,hexagon nut with flange,2,,Y02050011
ST0205,Cross-recessed tapping screw M2*5,2,,Y02050011
3820000-Y01,Center screen assembly,1,,Y02050012
3820010-Y01,Central screen (7inch),1,1,Y02050012
3820020Y0202,Central screen (7inch),1,,Y02050012
3820000Y0201,Central screen Assy (ENI customized version),1,,Y02050012
3820010Y0201,Central screen (7inch) (ENI customized version),1,1,Y02050012
3820020Y0203,Central screen (7inch) (ENI customized version),1,,Y02050012
S27348002,Cross-recessed half-round large head self-tapping screw,4,2,Y02050012
3820012-Y01,Phone holder,1,3,Y02050012
4000000-Y01,Low-voltage Wiring Harness Assy,1,,Y02050013
4002010-Y01,Front compartment wiring harness,1,1,Y02050013
4002010Y0201,Front compartment wiring harness assy (ENI customized version),1,1,Y02050013
4002020-Y01,Roof ceiling wiring harness assy,1,2,Y02050013
4002020Y0200,roof wiring harness assembly hall version,1,2,Y02050013
4002030-Y01,Left door wiring harness assy,1,3,Y02050013
4002030Y0200,Left door wiring harness assy (Hall version),1,3,Y02050013
4002040-Y01,Right door wiring harness assy,1,4,Y02050013
4002040Y0200,Right door wiring harness assy (Hall version),1,4,Y02050013
4003010-Y01,Main wiring harness assy,1,5,Y02050013
4003010Y0200,Main wiring harness assy (Hall version),1,5,Y02050013
4003010Y0201,Main wiring harness assy (Hall version) (ENI customized version),1,5,Y02050013
S18606003,Hexagon bolt with flange,2,6,Y02050013
S27348002,Cross-recessed half-round large head self-tapping screw,2,7,Y02050013
4003020-Y01,Auxiliary dashboard wiring harness assy,1,8,Y02050013
4013010-Y01,Tailgate wiring harness assy,1,9,Y02050013
4013010Y0200,Tailgate wiring harness assy (Hall version),1,9,Y02050013
4013020-Y01,Rear bumper harness assembly,1,10,Y02050013
4013020Y0201,Wiring harness assy  rear bumper (ENI customized version),1,10,Y02050013
5200000-Y01,Wiper and Washer System,1,,Y02050014
5205010-Y01,Wiper motor,1,1,Y02050014
S32006003,hexagon nut with flange,4,2,Y02050014
5205020Y0200,Wiper arm (including nozzle leather hose),1,3,Y02050014
5205030Y0200,Wiper blade,1,4,Y02050014
5207010-Y01,Washing Kettle Assembly (with Water Pipe),1,5,Y02050014
Q1860635,Hexagon bolts with flange M6X35,2,6,Y02050014
5207020Y0200,Two-way hose assy,1,7,Y02050014
5205040Y0200,Front wiper nut cap,1,8,Y02050014
S32006003,hexagon nut with flange,1,9,Y02050014
8100000-Y01,Air conditioning system,1,,Y02050015
8103010-Y01,Electric compressor assembly,1,1,Y02050015
S32008001,hexagon nut with flange,4,2,Y02050015
8103020-Y01,Compressor control unit,1,3,Y02050015
S32006003,hexagon nut with flange,4,4,Y02050015
8105010-Y01,Condenser assembly,1,5,Y02050015
8107010Y0205,HVAC assembly,1,6,Y02050015
S32006003,hexagon nut with flange,3,7,Y02050015
Q402B06,gasket,3,8,Y02050015
8108010Y0101,Compressor suction pipe (EU filler),1,9,Y02050015
8108020-Y01,Compressor exhaust pipe,1,10,Y02050015
8108030Y0101,Fluid inlet pipe  evaporation tank,1,11,Y02050015
S14606002,Hexagon head bolt  spring washer and plain washer assy,5,12,Y02050015
8112010-Y01,Air conditioning control panel assembly,1,13,Y02050015
S27342003,Cross recessed large half round head tapping screw 4.2 × 13,2,14,Y02050015
Q1460625,Hexagon bolt  spring washer and plain washer assy,4,15,Y02050015
S14606005,Hexagon bolt  spring washer and plain washer assy M6×16,2,16,Y02050015
7900000-Y01,Information Communication Device,,,Y02050016
7903010-Y01,start antenna,1,1,Y02050016
S32006003,hexagon nut with flange,2,2,Y02050016
7911010-Y01,Speaker,1,3,Y02050016
S27348002,Cross-recessed half-round large head self-tapping screw,4,4,Y02050016
7925040-Y01,T-BOX（4G）,1,5,Y02050016
S32006003,hexagon nut with flange,2,6,Y02050016
7925020-Y01,USB assy  auxiliary dashboard,1,7,Y02050016
7925030-Y01,USB assy  dashboard,1,8,Y02050016
2901000-Y01,Front Suspension,1,,Y02050017
2801100Y0210,Front auxiliary frame assy,1,1,Y02050017
S18510001,Hexagon bolt with flange,8,2,Y02050017
Q1841050TF61,Flange bolts,8,,Y02050017
Q1461025,M10×25 Cross recessed hexagon bolt with indentation  single coil lock washer and plain washer assemblies,8,,Y02050017
2904100Y0210,Front swing arm assembly,2, 3/4,Y02050017
S18510006,Prevailing torque type all-metal hexagon nuts with flange,2,5,Y02050017
S33110001,Prevailing torque type all-metal hexagon nuts with flange,2,6,Y02050017
Q32010,Hexagon nut with flange,2,6,Y02050017
2906100-Y01,Stabilizer assembly,1,7,Y02050017
2906101Y0210,Front stabilizer bar,1,8,Y02050017
2906102-Y01,Stabilizer bar bushing,2,9,Y02050017
2906103Y0210,Stabilizer bar mounting bracket,2,10,Y02050017
2906105-Y01,Stabilizer bar end bushing,4,11,Y02050017
2906108Y0210,Φ12 large gasket,2,12,Y02050017
2906107-Y01,Φ16 large gasket,2,13,Y02050017
S38312001,II type Hexagon slotted nut,2,14,Y02050017
S50032001,Split pin,2,15,Y02050017
Q1461030,Hexagon head bolt  spring washer and plain washer assy,4,16,Y02050017
2904101-Y01,Front left shock absorber assembly,1,1,Y02050018
2904102-Y01,Front right shock absorber assembly,1,2,Y02050018
S32008001,hexagon nut with flange,4,3,Y02050018
S18512001,Hexagon bolt with flange,4,4,Y02050018
S33112001,Prevailing torque type all-metal hexagon nuts with flange,4,5,Y02050018
3501101-Y01,Front left brake with steering knuckle assy,1,6,Y02050018
3501102-Y01,Front right brake with steering knuckle assy,1,7,Y02050018
3501113-Y01,Left brake caliper assy,1,8,Y02050018
3501112-Y01,Left steering knuckle,1,9,Y02050018
3501120-Y01,Brake lining,4,10,Y02050018
3501115-Y01,Bracket mounting bolt,4,11,Y02050018
3501123-Y01,Right brake caliper assy,1,12,Y02050018
3501122-Y01,Right steering knuckle,1,13,Y02050018
3501111-Y01,Front brake disc,2,14,Y02050018
S18510005,Hexagon bolt with flange,2,15,Y02050018
S33110001,Prevailing torque type all-metal hexagon nuts with flange,2,16,Y02050018
3501118-Y01,Gear ring component,2,17,Y02050018
3501119-Y01,Bearing limit bolts,2,18,Y02050018
2911000-Y01,Rear suspension,1,,Y02050019
2912135-Y01,Retaining ring gasket,1,,Y02050019
2912100-Y01,Rear drive axle assy,1,1,Y02050019
2912111-Y01,Axle tube,1,2,Y02050019
2912112-Y01,Main reducer assembly,1,3,Y02050019
2912113-Y01,Brake caliper,1,4,Y02050019
2912114-Y01,Brake caliper,1,5,Y02050019
2912129-Y01,Bracket mounting bolt,4,6,Y02050019
2912115-Y01,Brake lining,4,7,Y02050019
2912116-Y01,Rear brake disc,2,8,Y02050019
2912166-Y01,Sealing washer  motor,1,9,Y02050019
2912119-Y01,Nut  filler plug,1,10,Y02050019
2912132-Y01,Gasket  filler plug,,,Y02050019
2912120-Y01,Nut，drain plug,1,11,Y02050019
2912133-Y01,Gasket  drain plug,,,Y02050019
2912121-Y01,Vent valve,1,12,Y02050019
2912123-Y01,Left halfaxle,1,13,Y02050019
2912124-Y01,Right halfaxle,1,14,Y02050019
2912125-Y01,Oil seal for half shaft,2,15,Y02050019
2912126-Y01,Oil seal  input shaft,1,16,Y02050019
2912127-Y01,Circlip for hole,2,17,Y02050019
2912128-Y01,Mudguard,2,18,Y02050019
2912118-Y01,Locking nut  brake disc,2,19,Y02050019
Q5004036,Locking pin,2,20,Y02050019
2914300-Y01,Thrust rod assy,2,21,Y02050019
S18512004,Hexagon bolt with flange,6,22,Y02050019
S33112001,Prevailing torque type all-metal hexagon nuts with flange,10,23,Y02050019
Q1851020,Hexagon bolt with flange,2,24,Y02050019
2912017-Y01,Mounting bracket  motor ,1,25,Y02050019
S18606004,Hexagon bolt with flange,2,26,Y02050019
2912130-Y01,Hexagon nut with flange,2,27,Y02050019
2912131-Y01,Hexagon bolt with flange,7,28,Y02050019
2915100-Y01,Rear shock absorber,2,29,Y02050019
S18512001,Hexagon bolt with flange,2,30,Y02050019
S34012001,Hexagon nuts  style 1,2,31,Y02050019
S40212002,Large gasket,2,32,Y02050019
S40312001,Spring washer,2,33,Y02050019
2912011-Y01,Rear coil spring,2,34,Y02050019
2912012Y0210,Upper mounting seat of rear spring,2,35,Y02050019
2912013Y0210,Rear buffer block,2,36,Y02050019
2914200-Y01,Rear balance bar,1,37,Y02050019
S18512003,Hexagon bolt with flange,1,38,Y02050019
Q218B0810,Hexagon socket head cap screws,8,39,Y02050019
3100000-Y01,Wheeling System,1,,Y02050020
"3100100-Y01,""14"""" steel wheel assembly"",4,1,Y010021",,,,
3100101-Y01,Tire (155/65-R14),1,2,Y02050020
3100109-Y01,Winter tire (155/65-R14),1,2,Y02050020
3100106-Y01,14”steel wheel,1,3,Y02050020
3100102-Y01,Inflating valve,1,4,Y02050020
3106107Y0240,Wheel nut (steel wheel),4,5,Y02050020
"3100110-Y01,""15"""" aluminum wheel assembly"",4,6,Y010021",,,,
3100111-Y01,Tire (155/60-R15),1,7,Y02050020
3100112-Y01,All season tire (155/60-R15),1,7,Y02050020
"3100105-Y01,""15"""" aluminum wheel"",1,8,Y010021",,,,
3100113-Y01TR413,Cycle valve,1,9,Y02050020
3106106Y0240,Wheel nut (steel wheel),4,10,Y02050020
3400000-Y01,Steering  system ,1,,Y02050021
3400101-Y01,Steering gear with tie rod assembly,1,1,Y02050021
3400111-Y01,Steering gear body with inner tie rod,1,2,Y02050021
3400118-Y01,Buckle bracket,1,3,Y02050021
3400113-Y01,Steering wheel ball head,2,4,Y02050021
3400102-Y01,Steering lower shaft assy,1,5,Y02050021
3400103-Y01,Steering column assembly,1,6,Y02050021
3400134-Y01,Steering wheel body,1,7,Y02050021
S18608002,Hexagon bolt with flange,2,8,Y02050021
S18608005,Hexagon bolt with flange,1,9,Y02050021
S32008001,hexagon nut with flange,1,10,Y02050021
S38312001,II type hexagon slotted nut,2,11,Y02050021
S50032001,Split pin,2,12,Y02050021
S18608002,Hexagon bolt with flange,2,13,Y02050021
Q1841050,Hexagon bolt with flange,2,14,Y02050021
3400135-Y01,Horn hood,1,15,Y02050021
3400123-Y01,Mechanical steering column,1,16,Y02050021
3400124-Y01,Universal joint  steering column ,1,17,Y02050021
3400125-Y01,Prevailing torque type all-metal hexagon nuts with flange,1,18,Y02050021
3400126-Y01,Hexagon head bolt,3,19,Y02050021
3400132-Y01,Steering lower axle,1,20,Y02050021
3400108-Y01,Lower shaft shield  steering column,1,21,Y02050021
3400104-Y01,Steering wheel assembly,1,22,Y02050021
3400114-Y01,dust cover,2,23,Y02050021
3500000-Y01,Brake System,1,,Y02050022
3508100-Y01,Parking control mechanism assembly,1,1,Y02050022
3508101-Y01,Parking pedal,1,2,Y02050022
S51008001,Axis pin,1,,Y02050022
S50032001,Split pin,1,,Y02050022
3508102-Y01,Front section parking cable,1,3,Y02050022
3508103-Y01,Rear left parking cable,1,4,Y02050022
3508104-Y01,Rear right parking cable,1,5,Y02050022
S32008001,hexagon nut with flange,3,6,Y02050022
S18606003,Hexagon bolt with flange,3,7,Y02050022
3506048-Y01,Spring retainer ring  parking cable,1,8,Y02050022
S50108001,Locking pin,1,9,Y02050022
3540102-Y01,Vacuum tank assy,1,1,Y02050023
3540121-Y01,Vacuum tank,1,2,Y02050023
3540122-Y01,Seal plug,1,3,Y02050023
3540123-Y01,Controller assembly,1,4,Y02050023
3540124-Y01,Silicone hose (655),1,5,Y02050023
3540125-Y01,Hose clamp,2,6,Y02050023
S18406003,Hexagon bolt with flange,2,7,Y02050023
Q402B06,gasket,2,8,Y02050023
Q67405100,Plastic cable tie,1,9,Y02050023
3540103-Y01,Electronic vacuum pump assy,1,10,Y02050023
3540131-Y01,Vacuum pump,1,11,Y02050023
3540132-Y01,Shock-absorbing sleeve,4,12,Y02050023
3540133-Y01,Rubber hose 90±5mm,1,13,Y02050023
3540134-Y01,Filter,1,14,Y02050023
3540135-Y01,Rubber hose 115±5mm,1,15,Y02050023
3540136-Y01,Tee-junction,1,16,Y02050023
3540125-Y01,Hose clamp,8,17,Y02050023
Q1860630,Hexagon bolts with flange M6×30,4,18,Y02050023
3540101-Y01,Vacuum booster with brake master cylinder ,1,1,Y02050024
3540111-Y01,Vacuum booster,1,2,Y02050024
3540113-Y01,Oiler,1,3,Y02050024
3540114-Y01,Fluid reservoir cap,5,4,Y02050024
3550101-Y01,ABS controller,1,5,Y02050024
3550111-Y01,Mounting sleeve  ABS controller,1,6,Y02050024
3506105-Y01,Spring retainer ring  brake hose,4,7,Y02050024
3506106-Y01,Hollow Bolt,4,8,Y02050024
3506112-Y01,rear brake hose,2,9,Y02050024
3504101-Y01,Brake pedal assy,1,10,Y02050024
S32008001,hexagon nut with flange,4,11,Y02050024
Q1840820,Hexagon bolt with flange,2,12,Y02050024
3506109-Y01,Front left brake pipe,1,13,Y02050024
3506111-Y01,Front right brake pipe,1,14,Y02050024
3506114-Y01,Front section  rear right brake pipe,1,15,Y02050024
3506121-Y01,Rear section  rear right brake pipe,1,16,Y02050024
3506115-Y01,Front section  rear left brake pipe,1,17,Y02050024
3506122-Y01,Rear section  rear left brake pipe,1,18,Y02050024
3506101-Y01,Master cylinder to ABS pipe,2,19,Y02050024
3506113Y0210,Double-hole pipe clip,4,20,Y02050024
3506116Y0210,Single hole pipe clip,4,21,Y02050024
3506107-Y01,Copper washer,8,22,Y02050024
3550300-Y01,Front wheel speed sensor,2,23,Y02050024
3550302-Y01,Front wheel speed sensor bracket,2,24,Y02050024
Q1860816,Hexagon flange bolt,4,25,Y02050024
S18606003,Hexagon bolt with flange,2,26,Y02050024
S32006003,hexagon nut with flange,2,27,Y02050024
3550400-Y01,Rear wheel speed sensor,2,28,Y02050024
S18606003,Hexagon bolt with flange,2,29,Y02050024
3506104-Y01,Front brake hose,2,30,Y02050024
5010010-Y01,Body-in-white frame assy,1,1,Y02050025
5101210-Y01,Framework assy  front compartment,1,2,Y02050025
5101170-Y01,Frame assy  intermediate floor,1,3,Y02050025
5101230-Y01,Frame assy  rear floor ,1,4,Y02050025
5101130-Y01,Support assy - left  front suspension spring,1,5,Y02050025
5101140-Y01,Support assy - right  front suspension spring,1,6,Y02050025
5301000-Y01,Front wall assy,1,7,Y02050025
5101750-Y01,Seat cask assy,1,8,Y02050025
5101940-Y01,Rear floor assy,1,9,Y02050025
5601110-Y01,Outer plate assy  rear wall,1,10,Y02050025
5401350-Y01,Inner panel component  left A-pillar,1,11,Y02050025
5401360-Y01,Inner panel component  right A-pillar,1,12,Y02050025
5401230-Y01,Inner panel assy  left doorsill,1,13,Y02050025
5401240-Y01,Inner panel assy  right doorsill,1,14,Y02050025
5401030-Y01,Inner panel assy  doorsill  left side wall,1,15,Y02050025
5401040-Y01,Inner panel assy  doorsill  right side wall,1,16,Y02050025
5401010-Y01,Left side wall assy,1,17,Y02050025
5401020-Y01,Right side wall assy,1,18,Y02050025
5701010-Y01,Roof cover assy,1,19,Y02050025
5101900-Y01,Access panel assembly,1,,Y02050026
5101901-Y01,Access panel,1,1,Y02050026
5101903-Y01,Sealing rubber strip  access panel,1,2,Y02050026
S18606003,Hexagon bolt with flange,4,3,Y02050026
5301813-Y01,Pressing plate,1,1,Y02050027
5301811-Y01,Tie rod  battery,2,2,Y02050027
S32006003,hexagon nut with flange,2,3,Y02050027
5401170-Y01,Mounting bracket component  left tubular beam,1,1,Y02050028
5401180-Y01,Mounting bracket component  right tubular beam,1,2,Y02050028
S18606003,Hexagon bolt with flange,8,3,Y02050028
5101273-Y01,Mounting bracket  condenser,2,1,Y02050029
S18606003,Hexagon bolt with flange,2,2,Y02050029
6101010-Y01,Left door welding assy,1,1,Y02050030
6101020-Y01,Right door welding assy,1,2,Y02050030
6106010-Y01,Upper hinge  side door,2,3,Y02050030
6106030-Y01,Lower hinge  side door,2,4,Y02050030
S18608010,Hexagon bolt with flange,16,5,Y02050030
6301710-Y01,Upper crossbeam assy  inner frame  tailgate,1,1,Y02050031
6301591-Y01,Mounting plate  tailgate lock,1,2,Y02050031
6301552-Y01,Right mounting plate  buffer block  tailgate,1,3,Y02050031
6301551-Y01,Left mounting plate  buffer block  tailgate,1,4,Y02050031
6306310-Y01,Tailgate hinge,2,5,Y02050031
S32008001,hexagon nut with flange,4,6,Y02050031
S18408002,Hexagon bolt with flange,4,7,Y02050031
Q2734812,Cross-recessed half-round large head self-tapping screw,6,8,Y02050031
S23006002,Cross recessed pan head bolt with spring washer and plain washer assy,22,9,Y02050031
5103520-Y01,Intermediate mounting bracket assy  rear bumper,1,1,Y02050032
S18608009,Hexagon bolt with flange,2,2,Y02050032
5101263-Y01,Mounting bracket  rear brake hose- Left,1,1,Y02050033
5101264-Y01,Mounting bracket  rear brake hose- Right,1,2,Y02050033
S18606003,Hexagon bolt with flange,6,3,Y02050033
5101467-Y01,Mounting plate  power-off Switch,1,1,Y02050034
5101216-Y01,Mounting bracket  low speed alarm,1,1,Y02050035
S18606003,Hexagon bolt with flange,2,2,Y02050035
5301700-Y01,Dashboard Cross Beam Assy,1,,Y02050035
5301710-Y01,Cross beam body assy  dashboard,1,1,Y02050036
S18606003,Hexagon bolt with flange,2,2,Y02050036
ZH2204-21,A-type reed nut,4,3,Y02050036
S18608009,Hexagon bolt with flange,4,4,Y02050036
S32006003,hexagon nut with flange,2,5,Y02050036
5107000-Y01,Blanking Element System,1,,Y02050037
5107011-Y01,Φ10 blanking cap,11,1,Y02050037
5107016-Y01,Φ15 blanking cap,2,2,Y02050037
5107013-Y01,Φ20 blanking cap,16,3,Y02050037
5107015-Y01,Φ30 blanking cap,6,4,Y02050037
5107014-Y01,Φ40 blanking cap,4,5,Y02050037
5107001-Y01,Tailgate buffer block,2,6,Y02050037
5107003-Y01,Side door buffer block,6,7,Y02050037
5107017-Y01,PET hole sticker Φ20,2,8,Y02050037
5107018-Y01,PET hole sticker Φ25,4,9,Y02050037
5107019-Y01,PET hole sticker Φ30,1,10,Y02050037
3400105-Y01,Steering column bushing,1,11,Y02050037
5107021-Y01,40*40 m3 Square tubing plug,2,12,Y02050037
6309100-Y01,Tailgate Stay Bar System,1,,Y02050038
6309110-Y01,Air spring,2,1,Y02050038
6309101-Y01,Mounting bracket  pneumatic stay bar  tailgate- left,1,2,Y02050038
6309102-Y01,Mounting bracket  pneumatic stay bar  tailgate- right,1,3,Y02050038
6309103-Y01,Ball stud  air spring,2,4,Y02050038
S18606003,Hexagon bolt with flange,4,5,Y02050038
6101000-Y01,Guide rail rubber coating assembly,1,,Y02050039
6101760-Y01,Rubber coating assy  front guide rail  left door,1,1,Y02050039
6101740-Y01,Rubber coating assy  front guide rail  right door,1,2,Y02050039
6101730-Y01,Rubber coating assy  rear guide rail  left door,1,3,Y02050039
6107133-Y01,Mounting block of rear triangular window-Left,1,4,Y02050039
6101750-Y01,Rubber coating assy  rear guide rail  right door,1,5,Y02050039
6107134-Y01,Mounting block of rear triangular window- Right,1,6,Y02050039
S14606005,Hexagon bolt  spring washer and plain washer assy M6×16,14,7,Y02050039
6105000-Y01,Locking Mechanism System,1,,Y02050040
6105100-Y01,Electronic controlling lock  left door,1,1,Y02050040
6105101-Y01,Electronic controlling lock body  left door,1,2,Y02050040
6105103-Y01,Pull rod  electronic controlling lock left door,1,3,Y02050040
6105105-Y01,Pull rod  electronic controlling lock cylinder  left door,1,4,Y02050040
6105111-Y01,Electronic controlling lock cable  left door,1,5,Y02050040
6105107-Y01,Lock catch  electronic controlling lock  door,3,6,Y02050040
Q2400614,Cross recessed countersunk head screw and countersunk external toothed lock washer,6,7,Y02050040
Q2580816,Cross recessed countersunk head screw and countersunk external toothed lock washer,6,8,Y02050040
6105200-Y01,Electronic controlling lock system  right door,1,9,Y02050040
6105102-Y01,Electronic controlling lock body  right door,1,10,Y02050040
6105104-Y01,Pull rod  electronic controlling lock  right door,1,11,Y02050040
6105112-Y01,Electronic controlling lock cable  right door,1,12,Y02050040
5606010-Y01,Electric lock system  tailgate,1,13,Y02050040
5606011-Y01,Electric lock system body  tailgate,1,14,Y02050040
S14606002,Hexagon head bolt  spring washer and plain washer assy,3,15,Y02050040
5606030-Y01,Pull-out system  front charging port cover,1,16,Y02050040
5606032-Y01,Handle  front charging port cap lock,1,17,Y02050040
S23006002,Cross recessed pan head screw  plain washer and spring washer assy,2,18,Y02050040
5606033-Y01,Cap lock cable  front charging port,1,19,Y02050040
5606034-Y01,Fastener ties Φ7,2,20,Y02050040
157-00135(HTC),Cable ties  stud,2,21,Y02050040
6107000-Y01,Sealing system,1,,Y02050041
6307111-Y01,Sealing strip. tailgate,1,1,Y02050041
6307113-Y01,Upper sealing strip  tailgate,1,2,Y02050041
6307114Y0210,Upper sealing strip  tailgate,1,,Y02050041
6107117-Y01,Outer weather strip  left door glass,1,3,Y02050041
6107118-Y01,Outer weather strip  right door glass,1,4,Y02050041
6107121-Y01,Inner weather strip  left door glass,1,5,Y02050041
6107122-Y01,Inner weather strip  right door glass,1,6,Y02050041
6107111-Y01,Seal strip  front left door opening,1,7,Y02050041
6107112-Y01,Seal strip  front right door opening,1,8,Y02050041
5206011-Y01,Sealing strip  front windshield,1,9,Y02050041
5701211-Y01,Sealing strip  sunroof-left,1,10,Y02050041
5701212-Y01,Sealing strip  sunroof-right,1,11,Y02050041
6107131-Y01,Sealing strip  front triangle window-left,1,12,Y02050041
6107132-Y01,Sealing strip  front triangle window-right,1,13,Y02050041
6107135-Y01,Upper sealing strip  battery box,1,14,Y02050041
6107136-Y01,Lower sealing strip  battery box,1,15,Y02050041
6107137Y0210,Sealing washer. roof,1,16,Y02050041
6107115-Y01,Front mud groove  left door,1,17,Y02050041
6107127-Y01,Rear mud groove  left door,1,18,Y02050041
6107116-Y01,Mud groove  front right door,1,19,Y02050041
6107128-Y01,Mud groove  rear right door,1,20,Y02050041
6104000-Y01,Glass Regulator System,1,,Y02050042
6104110-Y01,Electric window regulator assy  left door (Hall type),1,1,Y02050042
6104110-Y01-A,Electric window regulator assy  left door (non-Hall),1,,Y02050042
6104120-Y01,Electric window regulator assy  right door (Hall type),1,2,Y02050042
6104120-Y01-A,Electric window regulator assy  right door (non-Hall),1,,Y02050042
S32006003,hexagon nut with flange,14,3,Y02050042
6105500-Y01,Outer Handle System,1,,Y02050043
6105510Y0205D,Outer handle assy  left door,1,1,Y02050043
6105520Y0205D,Outer handle assy  right door,1,2,Y02050043
S18606003,Hexagon bolt with flange,6,3,Y02050043
8202000-Y01,Outer Rear-view Mirror System,1,,Y02050044
8202010-Y01D,Left outer rear-view mirror assy,1,1,Y02050044
8202011-Y01D,Left exterior rear-view mirror assy,1,2,Y02050044
8202012Y0210,Left exterior rear-view mirror lens assy,1,3,Y02050044
S23006002,Cross recessed pan head bolt with spring washer and plain washer assy,6,4,Y02050044
8202020-Y01D,Right outer rear-view mirror assy,1,5,Y02050044
8202021-Y01D,Right exterior rear-view mirror assy,1,6,Y02050044
8202022Y0210,Right exterior rear-view mirror lens ass,1,7,Y02050044
2804200-Y01,Rear Bumper Hinge System,1,,Y02050045
2804201-Y01,Rear bumper hinge assy-left,1,1,Y02050045
2804202-Y01,Front bumper hinge assy-Right,1,2,Y02050045
Q1460816,Hexagon head bolt  spring washer and plain washer assy,4,3,Y02050045
S27348002,Cross-recessed half-round large head self-tapping screw,8,4,Y02050045
8208130-Y01,Retroreflector System,1,,Y02050046
8208010-Y01,Rear left retroreflector,1,1,Y02050046
8208020-Y01,Rear right retroreflector,1,2,Y02050046
8208030-Y01,Side retroreflector,2,3,Y02050046
S27342003,Cross recessed large half round head tapping screw 4.2 × 13,4,4,Y02050046
8200105Y0210,Front overflow pipe,1,1,Y02050047
S67325001,Steel strap elastic hoop,1,2,Y02050047
5606034-Y01,Fastener ties Φ7,2,3,Y02050047
8200150-Y01,Welcome pedal assembly,1,,Y02050048
8200151Y0210,Welcome pedal-left,1,1,Y02050048
8200152Y0210,Welcome pedal-right,1,2,Y02050048
8204001-Y01,Sun visor system,1,,Y02050049
8204010Y0205,Sun visor assembly,2,1,Y02050049
8204020Y0205,Base cover plate  sunvisor,2,2,Y02050049
S21406001,Cross groove pan-headed screw  M5×16,4,3,Y02050049
5810001-Y01,Seat belt system,1,,Y02050050
5810010-Y01,Seat belt assembly - left,1,1,Y02050050
5810020-Y01,Seat belt assembly - right,1,2,Y02050050
5810011-Y01,Seat belt buckle-left,1,3,Y02050050
5810021-Y01,Seat belt buckle- right,1,4,Y02050050
8201001-Y01,Inner Rear-view Mirror System,1,,Y02050051
8201010-Y01,Inner rear-view mirror,1,1,Y02050051
5305010-Y01,Auxiliary dashboard accessories assy,1,,Y02050052
5305013Y0220,Rubber pad 1,1,1,Y02050052
5305014Y0220,Rubber pad 2,1,2,Y02050052
5305015Y0220,Rubber pad 3,1,3,Y02050052
5305031-Y01,Handrail hinge,1,4,Y02050052
5305032-Y01,Female fastener  handrail lock mechanism,1,5,Y02050052
5305033-Y01,Male fastener  handrail lock mechanism,1,,Y02050052
Z056,Cushion,2,6,Y02050052
S27348002,Cross-recessed half-round large head self-tapping screw,6,7,Y02050052
8104010-Y01,Ventilating grill assy,1,,
8104011-Y01,Ventilating grill,2,1,
6105300-Y01,Inner Handle System,1,,Y02050053
6105330Y0205,Inner handle assemly-left,1,1,Y02050053
6105340Y0205,Inner handle assemly-right,1,2,Y02050053
S27342003,Cross recessed large half round head tapping screw 4.2 × 13,8,3,Y02050053
6800100-Y01,Seat system,,,Y02050054
6900100Y0210-Z001,Front left seat assembly,1,,Y02050054
6900200Y0210-Z001,Front right seat assembly,1,,Y02050054
6800010-Y01,Front left seat assembly,1,1,Y02050054
6900010-Y01,Front right seat assembly,1,2,Y02050054
6800101-Y01,Trim cover  seat bracket,4,3,Y02050054
6900300Y0210,Trim cover  seat bracket-left,2,,Y02050054
6900400Y0210,Trim cover  seat bracket-right,2,,Y02050054
Q1860825,Hexagon bolt with flange,8,4,Y02050054
Q402B08F62,Gasket  mounting bolt  seat,8,,Y02050054
3900010-Y01,On-vehicle Tool System,1,,Y02050055
3926010-Y01,Warning triangles,1,1,Y02050055
5528250-Y01,Draw cord  map pocket  door assy,1,,Y02050056
5528013-Y01,Draw cord assy  map pocket  door,2,1,Y02050056
5528015-Y01,Net bag  front passenger,1,2,Y02050056
S29404001,Cross-recessed half-round large head self-tapping screw,5,3,Y02050056
8200110-Y01,Rear carrier assy,1,,Y02050057
8200111-Y01,Rear carrier,1,1,Y02050057
8200113-Y01,Base plate  left hinge,1,2,Y02050057
8200114-Y01,Inner plate  left hinge,1,3,Y02050057
8200115-Y01,Base plate  right hinge,1,4,Y02050057
8200116-Y01,Inner panel  right hinge,1,5,Y02050057
S27342004,Cross-recessed half-round large head self-tapping screw,4,6,Y02050057
8200117-Y01,Limiting block  rear carrier,2,7,Y02050057
6101900-Y01,Door Waterproof Membrane Assy,1,,Y02050058
6101901Y0205,Upper waterproof membrane assy  left door,1,1,Y02050058
6101902Y0205,Upper waterproof membrane assy  right door,1,2,Y02050058
6101903Y0205,Lower waterproof membrane  left/right door,1,3,Y02050058
6101903Y0205,Lower waterproof membrane  left/right door,1,4,Y02050058
8200100-Y01,Lifter rubber block system,1,,Y02050059
8200101-Y01,Lifter rubber block,4,1,Y02050059
S40210001,Large gasket,4,2,Y02050059
S18408004,Hexagon bolt with flange,4,3,Y02050059
5306150-Y01,Vehicle Identification Assy,1,,Y02050060
5306153-Y01,Specification label of condenser fan,1,1,Y02050060
5306154-Y01,A/C refrigerant label,1,2,Y02050060
5306155-Y01,Vehicle nameplate,1,3,Y02050060
5306156-Y01,X Logo,1,4,Y02050060
5306157-Y01,YOYO logo,1,5,Y02050060
5306163-Y01,Tire label - 14”,1,6,Y02050060
5306164-Y01,Tire label - 15”,1,6,Y02050060
5306010Y0220,XEV logo,1,7,Y02050060
4100000-Y01,Lights System,1,,Y02050061
4121030-Y01,Front left combination light assy (Thick-walled parts of daytime running lights),1,1,Y02050061
S14606005,Hexagon bolt  spring washer and plain washer assy M6×16,8,2,Y02050061
4121040-Y01,Front right combination light assy (Thick-walled parts of daytime running lights),1,3,Y02050061
4108010-Y01,License light assembly,2,4,Y02050061
4123010-Y01,Ceiling light,1,5,Y02050061
S21405002,Cross groove pan-headed screw  M5×16,2,6,Y02050061
4133010-Y01,Rear left combination light assy,1,7,Y02050061
4133010-Y01-B,Rear left combination light assy,1,,Y02050061
4133010-Y01-A,Rear left combination light assy,1,,Y02050061
S18606003,Hexagon bolt with flange,6,8,Y02050061
S32006003,hexagon nut with flange,2,9,Y02050061
ZH860,Tail light buckle,4,10,Y02050061
4133020-Y01,Rear right combination light assy,1,11,Y02050061
4133020-Y01-B,Rear right combination light assy,1,,Y02050061
4133020-Y01-A,Rear right combination light assy,1,,Y02050061
5702001-Y01,Roof system,1,,Y02050062
5702010-Y01D,Roof cover assembly,1,1,Y02050062
5702020-Y01D,Roof cover assembly,1,,Y02050062
5702013-Y01,Sponge waterproof gasket  roof ( W12 T8),1,2,Y02050062
5702015-Y01,Butyl rubber adhesive tape for waterproof and sealing,1,3,Y02050062
5702017-Y01,Waterproof sealing washer  roof cover,4,4,Y02050062
S27348004,Cross-recessed half-round large head self-tapping screw,4,5,Y02050062
ZH1255,D-shaped buckle,10,6,Y02050062
802011,Sealant  front windscreen (soft),1,7,Y02050062
5400009-Y01,Exterior System  Side Wall ,1,,Y02050063
5400010-Y01D,Trim panel assy  front upper section  left wall,1,1,Y02050063
ZH1255,D-shaped buckle,17,2,Y02050063
S18606003,Hexagon bolt with flange,8,3,Y02050063
5400030-Y01D,Trim panel assy  rear upper section  left wall,1,4,Y02050063
ZH1210,Plastic nut seat,16,5,Y02050063
S27348002,Cross-recessed half-round large head self-tapping screw,14,6,Y02050063
5400500-Y01D,Small trim assy  left wall,1,7,Y02050063
5400331-Y01,Left side body outer small trim,1,8,Y02050063
5400332-Y01,Left side body inner small trim,1,9,Y02050063
S27342003,Cross recessed large half round head tapping screw 4.2 × 13,1,10,Y02050063
ZH680,Metal V-fastener,3,11,Y02050063
5400101-Y01D,Left rear wheel plate,1,12,Y02050063
ZH2204-16,A-type reed nut,4,13,Y02050063
5400771-Y01D,The lower left threshold,1,14,Y02050063
ZH2204-6,Leaf spring nut  B type,1,15,Y02050063
6102051-Y01,Dustproof sponge,1,16,Y02050063
2804508-Y01,Mounting bracket  rear left bumper,1,17,Y02050063
Q2214816,Cross recessed head self-tapping screw and plain washer assy,4,18,Y02050063
5400009-Y01,Exterior System  Side Wall ,1,,Y02050064
5400020-Y01D,Trim panel assy  front upper section  right wall,1,1,Y02050064
ZH1255,D-shaped buckle,17,2,Y02050064
S18606003,Hexagon bolt with flange,8,3,Y02050064
5400040-Y01D,Trim panel assy  rear upper section  right wall,1,4,Y02050064
ZH1210,Plastic nut seat,16,5,Y02050064
S27348002,Cross-recessed half-round large head self-tapping screw,14,6,Y02050064
5400600-Y01D,Small trim assy  right wall,1,7,Y02050064
5400341-Y01,Right side body outer small trim,1,8,Y02050064
5400342-Y01,Right side body inner small trim,1,9,Y02050064
S27342003,Cross recessed large half round head tapping screw 4.2 × 13,1,10,Y02050064
ZH680,Metal V-fastener,3,11,Y02050064
5400201-Y01D,Right rear wheel plate,1,12,Y02050064
ZH2204-16,A-type reed nut,4,13,Y02050064
5400781-Y01D,Right lower threshold,1,14,Y02050064
ZH2204-6,Leaf spring nut  B type,1,15,Y02050064
6102051-Y01,Dustproof sponge,1,16,Y02050064
2804509-Y01,Mounting bracket  rear right bumper,1,17,Y02050064
Q2214816,Cross recessed head self-tapping screw and plain washer assy,4,18,Y02050064
8403100-Y01,fender  system,1,,Y02050065
8403111-Y01D,Welding assy  left fender,1,1,Y02050065
8403102-Y01,Lower trim panel left triangular window,1,2,Y02050065
8403121-Y01D,Welding assy  left fender,1,3,Y02050065
8403202-Y01,Lower trim panel  right triangular window,1,4,Y02050065
ZH1255,D-shaped buckle,2,5,Y02050065
S27348002,Cross-recessed half-round large head self-tapping screw,2,6,Y02050065
ZH680,Metal V-fastener,2,7,Y02050065
S18606003,Hexagon bolt with flange,6,8,Y02050065
ZH2204-16,A-type reed nut,2,9,Y02050065
5306148Y0210,Double faced adhesive tape- (W10mm T0.8mm),,10,Y02050065
5302000-Y01,Front Windshield Lower Trim Panel System,1,,Y02050066
5302020-Y01,Front wiper cover plate,1,1,Y02050066
S27348002,Cross-recessed half-round large head self-tapping screw,6,2,Y02050066
5302003-Y01,Front flow flume body,1,3,Y02050066
S18606003,Hexagon bolt with flange,8,4,Y02050066
5302007-Y01D,Front combo light upper trim panel - left,1,5,Y02050066
ZH830,Snap fastener (Small head),2,6,Y02050066
5302008-Y01D,Front combo light upper trim panel - right,1,7,Y02050066
8402500-Y01,Hood Trim System,1,,Y02050067
B8402510-Y01D,Front hood assy,1,1,Y02050067
S18606003,Hexagon bolt with flange,2,2,Y02050067
8402517Y01A,Left mount  hood,1,,Y02050067
8402518Y01A,Right mount  hood,1,,Y02050067
S27342004,Cross-recessed half-round large head self-tapping screw,4,,Y02050067
5302010-Y01,Cover plate assy  front charging port,1,,Y02050068
5302011-Y01D,Cover plate  front charging port,1,1,Y02050068
5302013-Y01,Inner plate  front charging port,1,,Y02050068
5302015-Y01,Front charging port base,1,,Y02050068
5302017-Y01,Rotating shaft  front charging port,1,,Y02050068
Q5002525,Split pin,1,,Y02050068
Z054,spring,1,,Y02050068
5302030-Y01,Front charging port base assy,1,2,Y02050068
2803000-Y01,Front bumper system,1,,Y02050069
2803013-Y01,Mounting bracket  front bumper-left,1,1,Y02050069
S18606003,Hexagon bolt with flange,11,2,Y02050069
ZH2204-16,A-type reed nut,6,3,Y02050069
2803014-Y01,Mounting bracket  front bumper- right,1,4,Y02050069
2803010-Y01D,Front bumper body assy,1,5,Y02050069
2803001-Y01D,Front bumper body,1,6,Y02050069
2803009-Y01D,Front bumper lower trim panel,1,7,Y02050069
Z056,Cushion,2,8,Y02050069
2803011-Y01D,Front combination light lower trim panel-left,1,9,Y02050069
2803012-Y01D,Front combination light lower trim panel-right,1,10,Y02050069
2803007-Y01D,Front bumper trim panel,1,11,Y02050069
2803017-Y01,Mounting plate  front license plate,1,13,Y02050069
ZH2204-6,Leaf spring nut  B type,4,14,Y02050069
Z039,Screw,4,15,Y02050069
2803003-Y01D,Front bumper central trim panel,1,16,Y02050069
2803005-Y01D,Front bumper trim strip,1,17,Y02050069
2803019-Y01,Air deflector  trim panel  front bumper,1,18,Y02050069
S27342003,Cross recessed large half round head tapping screw 4.2 × 13,2,20,Y02050069
S27348002,Cross-recessed half-round large head self-tapping screw,2,21,Y02050069
2804500-Y01,Rear bumper system,1,,Y02050070
2804520-Y01D,Movable door assy  rear bumper,1,1,Y02050070
ZH2204-16,A-type reed nut,2,2,Y02050070
S18606003,Hexagon bolt with flange,4,3,Y02050070
2804515-Y01,Anti-theft bolt M8*45,2,4,Y02050070
2804510Y0210D,Rear bumper body assembly,1,5,Y02050070
2804501Y0210D,Rear bumper body,1,6,Y02050070
2804504-Y01D,Rear bumper upper trim,1,7,Y02050070
2804505-Y01D,Rear bumper lower trim,1,8,Y02050070
Z024,Metal expansion nut,8,9,Y02050070
S27348002,Cross-recessed half-round large head self-tapping screw,4,10,Y02050070
ZH2204-11,B-type leaf spring nut- with M8 Nut,2,11,Y02050070
5107003-Y01,Side door buffer block,4,12,Y02050070
ZH1210,Plastic nut seat,4,13,Y02050070
2804507,Φ25 blanking cap,2,14,Y02050070
ZH2204-6,Leaf spring nut  B type,2,15,Y02050070
5306001-Y01,Dashboard System,1,,Y02050071
5306151-Y01D,Instrument mask,1,1,Y02050071
5306161-Y01,Control panel  A/C remote control,1,2,Y02050071
5306139-Y01,Right air vent,1,3,Y02050071
S27342003,Cross recessed large half round head tapping screw 4.2 × 13,9,4,Y02050071
ZH2204-16,A-type reed nut,2,5,Y02050071
ZH680,Metal V-fastener,7,6,Y02050071
5306200Y0205D,Center air outlet assy,1,7,Y02050071
5306001-Y01,Dashboard System,1,,Y02050072
5306131-Y01,Instrument Panel,1,1,Y02050072
5306121-Y01,Left defroster air vent,1,2,Y02050072
5306123-Y01,Left defroster air deflector,1,3,Y02050072
5306122-Y01,Right defroster air vent,1,4,Y02050072
5306124-Y01,Right defroster air deflector,1,5,Y02050072
5306134-Y01,Storage box  dashboard,1,6,Y02050072
S27342003,Cross recessed large half round head tapping screw 4.2 × 13,9,7,Y02050072
ZH680,Metal V-fastener,9,8,Y02050072
S27342003,Cross recessed large half round head tapping screw 4.2 × 13,7,9,Y02050072
ZH2204-16,A-type reed nut,2,10,Y02050072
S18606003,Hexagon bolt with flange,3,11,Y02050072
S27348004,Cross-recessed half-round large head self-tapping screw,1,12,Y02050072
5306001-Y01,Dashboard System,1,,Y02050073
5306133-Y01,Lower body  dashboard,1,1,Y02050073
S18606003,Hexagon bolt with flange,5,2,Y02050073
5306104-Y01,Air duct  central air outlet,1,3,Y02050073
5306136-Y01,Left defrosting duct,1,4,Y02050073
5306141-Y01,Right defrosting duct,1,5,Y02050073
5306030-Y01,Front defrost assembly,1,6,Y02050073
S27342003,Cross recessed large half round head tapping screw 4.2 × 13,16,7,Y02050073
5306102-Y01,Speaker cover,2,8,Y02050073
ZH2204-16,A-type reed nut,10,9,Y02050073
Z024,Metal expansion nut,4,10,Y02050073
5306002-Y01,Combination Switch Shield System,1,,Y02050074
3774011-Y01,Steering shield-upper,1,1,Y02050074
3774013-Y01,Steering shield-lower ,1,2,Y02050074
S27348002,Cross-recessed half-round large head self-tapping screw,1,3,Y02050074
S23006002,Cross recessed pan head bolt with spring washer and plain washer assy,3,4,Y02050074
5305001-Y01,Auxiliary Dashboard System,1,,Y02050075
5305011-Y01,Auxiliary dashboard body,1,1,Y02050075
5305012-Y01,Screw cap,4,2,Y02050075
5305016-Y01,Lower front cover plate  auxiliary dashboard body,1,3,Y02050075
5305017-Y01D,Auxiliary dashboard panel,1,4,Y02050075
5305019-Y01,Rear cover plate  auxiliary dashboard body,1,5,Y02050075
S27342003,Cross recessed large half round head tapping screw 4.2 × 13,6,6,Y02050075
Z024,Metal expansion nut,3,7,Y02050075
5305020-Y01,Handrail framework assy,1,8,Y02050075
5305028-Y01D,Left trim panel  handrail,1,,Y02050075
5305029-Y01D,Right trim panel  handrail,,,Y02050075
5305027-Y01,Bottom cover plate  handrail,1,9,Y02050075
Z056,Cushion,2,10,Y02050075
S18606003,Hexagon bolt with flange,6,11,Y02050075
5402001-Y01,Column Guard Panel System,1,,Y02050076
5402031-Y01,Upper guard panel  left inner A-pillar  side wall,1,1,Y02050076
ZH1255,D-shaped buckle,51,2,Y02050076
ZH1210,Plastic nut seat,25,3,Y02050076
S27348002,Cross-recessed half-round large head self-tapping screw,25,4,Y02050076
5402041-Y01,Upper guard panel  right inner A-column  side wall,1,5,Y02050076
5402131-Y01,Guard panel  front inner window trim  side wall,1,6,Y02050076
5402051-Y01,Lower guard panel  left inner A-column side wall,1,7,Y02050076
5402061-Y01,Lower guard panel  right inner A-column side wall,1,8,Y02050076
5402011-Y01,Guard panel  inside front left wall  side wall,1,9,Y02050076
S32006003,hexagon nut with flange,5,10,Y02050076
5402021-Y01,Guard panel  inside front right wall  side wall,1,11,Y02050076
S18606003,Hexagon bolt with flange,1,12,Y02050076
5402111-Y01,Trim strip  inside left doorsill  side wall,1,13,Y02050076
5402121-Y01,Trim strip  inside right doorsill  side wall,1,14,Y02050076
5402071-Y01,Guard panel  inside rear left wall  side wall,1,15,Y02050076
5402081-Y01,Guard panel  inside rear right wall  side wall,1,16,Y02050076
5402141-Y01,Guard panel  inside rear doorsill,1,17,Y02050076
5402091-Y01,Inside rear left lower guard panel  side wall,1,18,Y02050076
5402101-Y01,Inside rear right lower guard panel  side wall,1,19,Y02050076
5402128-Y01,Left service opening cover plate,1,20,Y02050076
5402129-Y01,Right service opening cover plate,1,21,Y02050076
5402133-Y01,Left footrest,1,22,Y02050076
Q1860625,Hexagon bolt with flange,3,23,Y02050076
5402147-Y01,Screw cap,3,24,Y02050076
5402053-Y01,Lower repair opening cap  left A-column,1,25,Y02050076
5402063-Y01,Lower repair opening cap  right A-column,1,26,Y02050076
5703001-Y01,Interiors and Ceiling System,1,,Y02050077
5703011-Y01,Roof ceiling  interior,1,1,Y02050077
ZH1610,Roof ceiling buckle,13,2,Y02050077
ZH1210,Plastic nut seat,6,3,Y02050077
S27348002,Cross-recessed half-round large head self-tapping screw,6,4,Y02050077
5703021-Y01,Service opening cap  left hinge  tailgate,1,5,Y02050077
5703022-Y01,Service opening cap  right hinge  tailgate,1,6,Y02050077
6102001-Y01,front door system,1,,Y02050078
6102071-Y01,Trim panel  front window  left door,1,1,Y02050078
S27342004,Cross-recessed half-round large head self-tapping screw,4,2,Y02050078
5306148Y0210,Double faced adhesive tape- (W10mm T0.8mm),,3,Y02050078
6102075-Y01D,Left door outer panel,1,4,Y02050079
6102077-Y01D,Lower trim panel  left door,1,5,Y02050079
S27348002,Cross-recessed half-round large head self-tapping screw,5,6,Y02050079
ZH2204-16,A-type reed nut,5,7,Y02050079
ZH1255,D-shaped buckle,21,8,Y02050079
S23006002,Cross recessed pan head bolt with spring washer and plain washer assy,8,9,Y02050079
6102073-Y01D,Left door upper trim panel,1,10,Y02050079
ZH680,Metal V-fastener,19,11,Y02050079
S27342003,Cross recessed large half round head tapping screw 4.2 × 13,8,12,Y02050079
6102011-Y01,Left door inner panel,1,13,Y02050079
6102032-Y01,Mounting plate  left pull strap,1,14,Y02050079
6102033-Y01,Leather pull strap  door,1,15,Y02050079
Q1860620,Hexagon bolt with flange,1,16,Y02050079
ZH850,C-shaped buckle,6,17,Y02050079
6102031-Y01D,Intermediate left trim panel,1,18,Y02050079
6102051-Y01,Dustproof sponge,,19,Y02050079
6102086-Y01,Trim cover  upper hinge  left door,1,20,Y02050079
6102087-Y01,Trim cover  lower hinge  left door,1,21,Y02050079
6102079-Y01,Mounting plate  PE Switch,1,22,Y02050079
S27348004,Cross-recessed half-round large head self-tapping screw,1,23,Y02050079
6102001-Y01,front door system,1,,Y02050080
6102081-Y01,Trim panel  front window  right door,1,1,Y02050080
S27342004,Cross-recessed half-round large head self-tapping screw,2,2,Y02050080
5306148Y0210,Double faced adhesive tape- (W10mm T0.8mm),,3,Y02050080
6102076-Y01D,Right door outer panel,1,4,Y02050080
6102078-Y01D,Lower trim panel  right door,1,5,Y02050080
S27348002,Cross-recessed half-round large head self-tapping screw,5,6,Y02050080
ZH2204-16,A-type reed nut,5,7,Y02050080
ZH1255,D-shaped buckle,21,8,Y02050080
S23006002,Cross recessed pan head bolt with spring washer and plain washer assy,8,9,Y02050080
6102074-Y01D,Upper trim panel  right door,1,10,Y02050080
ZH680,Metal V-fastener,19,11,Y02050080
S27342003,Cross recessed large half round head tapping screw 4.2 × 13,8,12,Y02050080
6102040-Y01,Right door inner panel assembly,1,12,Y02050080
6102021-Y01,right door Inner panel,1,13,Y02050080
6102042-Y01,Mounting plate  right pull strap,1,14,Y02050080
6102033-Y01,Leather pull strap  door,1,15,Y02050080
Q1860620,Hexagon bolt with flange,1,16,Y02050080
ZH850,C-shaped buckle,6,17,Y02050080
6102041-Y01D,Intermediate right trim panel,1,18,Y02050080
6102051-Y01,Dustproof sponge,,19,Y02050080
6102088-Y01,Trim cover  lower hinge  right door,1,20,Y02050080
6102089-Y01,Trim cover  upper hinge  right door,1,21,Y02050080
S27348004,Cross-recessed half-round large head self-tapping screw,1,22,Y02050080
6302001-Y01,Tailgate system,1,,Y02050081
6302010-Y01,Tailgate assembly,1,1,Y02050081
6302011-Y01,Tailgate,1,2,Y02050081
6302021-Y01,Tailgate glass support plate-left,1,3,Y02050081
S27348002,Cross-recessed half-round large head self-tapping screw,8,4,Y02050081
6302022-Y01,Tailgate glass support plate-right,1,5,Y02050081
6302017-Y01D,Upper plate  spoiler shield,1,6,Y02050081
5306149Y0210,Double faced adhesive tape- (W10mm T0.8mm),,7,Y02050081
ZH680,Metal V-fastener,6,8,Y02050081
6302015-Y01,Lock cap  service opening,1,9,Y02050081
6302016-Y01,Trim panel  lock cap,1,10,Y02050081
ZH830,Snap fastener (Small head),4,11,Y02050081
6302018-Y01D,Lower panel  spoiler shield,1,12,Y02050081
5306148Y0210,Double faced adhesive tape- (W10mm T0.8mm),,13,Y02050081
5107101Y0210,Left bottom guard panel,1,1,Y02050081
5107102-Y01,Right bottom guard panel,1,2,Y02050081
5107103Y0210,Center bottom guard panel,1,3,Y02050081
ZH830,Snap fastener (Small head),2,4,Y02050081
S32006003,hexagon nut with flange,17,5,Y02050081
3100000-Y01,Wheeling System,1,,Y02050082
3102111-Y01,Guard panel  front left wheel cowling,1,1,Y02050082
ZH830,Snap fastener (Small head),19,2,Y02050082
ZH890,Snap fastener (Big head),5,,Y02050082
Q2214816,Cross recessed head self-tapping screw and plain washer assy,12,3,Y02050082
Z058,Stud fastener,10,4,Y02050082
3102112-Y01,Guard panel  front right wheel cowling,1,5,Y02050082
3102113-Y01,Guard panel  rear left wheel cowling,1,6,Y02050082
3102117-Y01,Side trim panel  guard panel  rear left wheel cowling,1,7,Y02050082
3102114-Y01,Guard panel  rear right wheel cowling,1,8,Y02050082
3102118-Y01,Side trim panel  guard panel  rear right wheel cowling,1,9,Y02050082
3100120-Y01,Steel wheel rim trim cap assy,4,1,Y02050083
3100107-Y01,Steel rim trim cover,4,2,Y02050083
3100108-Y01,Steel rim trim cover steel rim,4,3,Y02050083
3100104-Y01,Trim cap of wheel rim,4,4,Y02050083
5200010-Y01,Windshield Glass System,1,,Y02050084
5206010-Y01,Front windshield glass,1,1,Y02050084
5206030-Y01,Left roof ceiling glass,1,2,Y02050084
5206040-Y01,Right roof ceiling glass,1,3,Y02050084
6303010-Y01,Rear windshield glass,1,4,Y02050084
5603100Y0210,Rear windshield glass System,1,,Y02050084
5203010-Y01,Front left triangle window glass,1,5,Y02050084
5203020-Y01,Front right triangle window glass,1,6,Y02050084
6103010-Y01,Left door windshield glass,1,7,Y02050084
6103020-Y01,Right door windshield glass,1,8,Y02050084
5109100-Y01,Carpet system,1,,Y02050085
5109101-Y01,Carpet body,1,1,Y02050085
5109103-Y01,Trunk cover plate,1,2,Y02050085
5109104-Y01,Cushion block  trunk cover plate,4,3,Y02050085
5109109-Y01,Cushion block 2  trunk cover plate,2,4,Y02050085
5109105-Y01,Footrest pad,1,5,Y02050085
5109106-Y01,Insulator cushion I  carpet,1,6,Y02050085
5109107-Y01,Insulator cushion II  carpet,1,7,Y02050085
5109108-Y01,Insulator cushion III  carpet,2,8,Y02050085
ZH830,Snap fastener (Small head),2,9,Y02050085
Z058,Stud fastener,1,10,Y02050085
