codice,descrizione,quantita,modello
1108010Y0210,Electrical accelerator pedal,1,MY23 * * MY24
S18606002,Hexagon bolt with flange M6,3,MY23 * * MY24
2801100Y0210,Front auxiliary frame assy,1,MY23 MY22 MY22.5 *
2801100Y0211,Front auxiliary frame assy,1,MY23 * * *
S18510001,Hexagon bolt with flange,8,MY23 MY22 MY22.5 MY24
2904100Y0210,Front swing arm assembly,2,MY23 MY22 MY22.5 MY24
2906101Y0210,Front stabilizer bar,1,MY23 MY22 MY22.5 MY24
2906102-Y01,Stabilizer bar bushing,2,MY23 MY22 MY22.5 MY24
2906103Y0210,Stabilizer bar mounting bracket,2,MY23 MY22 MY22.5 MY24
2906105-Y01,Stabilizer bar end bushing,4,MY23 MY22 MY22.5 MY24
2906106Y0210,?12 large gasket,2,MY23 * * MY24
2906107Y0210,?16 large gasket,2,MY23 * * MY24
S33110001,Prevailing torque type all-metal hexagon nuts with flange,2,MY23 MY22 MY22.5 MY24
S33112001,Prevailing torque type all-metal hexagon nuts with flange,2,MY23 MY22 MY22.5 MY24
S18510006,Hexagon bolt with flange,2,MY23 MY22 MY22.5 MY24
2904101Y0210,Front left shock absorber assembly,1,MY23 * * MY24
2904102Y0210,Front right shock absorber assembly,1,MY23 * * MY24
3501101-Y01,Front left brake with steering knuckle assy,1,MY23 MY22 MY22.5 *
3501111-Y01,Front brake disc,2,MY23 MY22 MY22.5 *
3501112-Y01,Left steering knuckle,1,MY23 MY22 MY22.5 *
3501113-Y01,Left brake caliper assy,1,MY23 MY22 MY22.5 *
3501118-Y01,Gear ring component,2,MY23 MY22 MY22.5 *
3501119-Y01,Bearing limit bolts,2,MY23 MY22 MY22.5 *
3501120-Y01,Brake lining,4,MY23 MY22 MY22.5 *
3501115-Y01,Bracket mounting bolt,4,MY23 MY22 MY22.5 *
3501102-Y01,Front right brake with steering knuckle assy,1,MY23 MY22 MY22.5 *
3501122-Y01,Right steering knuckle,1,MY23 MY22 MY22.5 *
3501123-Y01,Right brake caliper assy,1,MY23 MY22 MY22.5 *
S18510005,Hexagon bolt with flange,2,MY23 MY22 MY22.5 MY24
S18512001,Hexagon bolt with flange,4,MY23 MY22 MY22.5 MY24
S32008002,Hexagon nut with flange,4,MY23 * MY22.5 MY24
2912100Y0210,Rear drive axle assy,1,MY23 * * *
2912111Y0210,Axle tube,1,MY23 * * *
2912112Y0210,Final drive assy,1,MY23 * * *
2912113-Y01,Brake caliper-left,1,MY23 MY22 MY22.5 *
2912114-Y01,Brake caliper-right,1,MY23 MY22 MY22.5 *
2912129-Y01,Mounting bolt bracket ,4,MY23 MY22 MY22.5 *
2912115-Y01,Brake lining,4,MY23 MY22 MY22.5 *
2912116-Y01,Rear brake disc,2,MY23 MY22 MY22.5 *
2912119Y0210,Nut filler plug,1,MY23 * * *
2912120Y0210,Nut?drain plug,1,MY23 * * *
2912121-Y01,Vent valve,1,MY23 MY22 MY22.5 *
2912123-Y01,Left halfaxle,1,MY23 MY22 MY22.5 *
2912124-Y01,Right halfaxle,1,MY23 MY22 MY22.5 *
2912125-Y01,Oil seal for half shaft,2,MY23 MY22 MY22.5 *
2912126Y0210,Oil seal input shaft,1,MY23 * * *
2912127-Y01,Circlip for hole,2,MY23 MY22 MY22.5 *
2912128-Y01,Mudguard,2,MY23 MY22 MY22.5 *
2912118-Y01,Locking nut brake disc,2,MY23 MY22 MY22.5 *
Q5004036,Locking pin,2,MY23 MY22 MY22.5 *
2914300Y0210,Thrust rod assy,2,MY23 * * *
S18512004,Hexagon bolt with flange,6,MY23 MY22 MY22.5 MY24
S18608003,Hexagon bolt with flange,2,MY23 * * MY24
2912017Y0210,Motor mounting bracket,1,MY23 * * MY24
2912130-Y01,Hexagon nut with flange,2,MY23 MY22 MY22.5 *
2912131-Y01,Hexagon bolt with flange,7,MY23 MY22 MY22.5 *
2915100Y0210,Rear shock absorber,2,MY23 * * MY24
S34012001,Hexagon nuts style 1,2,MY23 MY22 MY22.5 *
S40212002,Large gasket,2,MY23 MY22 MY22.5 MY24
S40312001,Spring washer,2,MY23 MY22 MY22.5 *
2912011Y0210,Rear coil spring,2,MY23 * * MY24
2912012Y0210,Upper mounting seat of rear spring,2,MY23 MY22 MY22.5 MY24
2912013Y0210,Rear buffer block,2,MY23 MY22 MY22.5 MY24
2914200Y0210,Rear balance bar,1,MY23 * * MY24
S18512003,Hexagon bolt with flange,1,MY23 MY22 MY22.5 MY24
Q218B0810,Hexagon socket head cap screws,8,MY23 MY22 MY22.5 *
2906108Y0210,?12 large gasket,1,MY23 MY22 MY22.5 *
3100100-Y01,14 steel wheel assy,4,MY23 MY22 MY22.5 *
3100101-Y01,Tire (155/65-R14),4,MY23 MY22 MY22.5 *
3100106-Y01,14 steel wheel,4,MY23 MY22 MY22.5 *
3100102-Y01,Inflating valve,1,MY23 MY22 MY22.5 *
3106107Y0240,Wheel nut (steel wheel),16,MY23 MY22 MY22.5 MY24
5306163Y0210,Tire label - 14 ,1,MY23 * * *
3100104-Y01,Trim cap of wheel rim,4,MY23 MY22 MY22.5 MY24
3100120-Y01,Steel wheel rim trim cap assy,4,MY23 MY22 MY22.5 *
3400101-Y01,Steering gear with tie rod assembly,1,MY23 MY22 MY22.5 *
3400101Y0210A,Steering gear with tie rod assembly,1,MY23 * * *
3400101Y0210B,Steering gear with tie rod assembly,1,MY23 * * *
3400111-Y01,Steering gear body with inner tie rod,1,MY23 MY22 MY22.5 *
3400118-Y01,Buckle bracket,1,MY23 MY22 MY22.5 *
3400113-Y01,Steering wheel ball head,2,MY23 MY22 MY22.5 *
3400102-Y01,Steering lower shaft assy,1,MY23 MY22 MY22.5 *
3400102Y0210,Steering lower shaft assy,1,MY23 * * *
3400103-Y01,Steering column assembly,1,MY23 MY22 MY22.5 *
3400103Y0210,Steering column assembly,1,MY23 * * *
3400134-Y01,Steering wheel body,1,MY23 MY22 MY22.5 *
S18608009,Hexagon bolt with flange,2,MY23 MY22 MY22.5 MY24
S18608005,Hexagon bolt with flange,1,MY23 MY22 MY22.5 *
Q1860870TF36Y,Hexagon nut with flange,1,MY23 * * *
S38312001,Hexagon slotted nuts style 2,2,MY23 MY22 MY22.5 *
S50032001,Split pin,2,MY23 MY22 MY22.5 *
S18510004,Hexagon bolt with flange,2,MY23 * * *
S18512002,Hexagon bolt with flange,2,MY23 * * MY24
3400135-Y01,Horn hood,1,MY23 MY22 MY22.5 *
3400123-Y01,Mechanical steering column,1,MY23 MY22 MY22.5 *
3400124-Y01,Universal joint steering column ,1,MY23 MY22 MY22.5 *
3400125-Y01,Prevailing torque type all-metal hexagon nuts with flange,1,MY23 MY22 MY22.5 *
3400126-Y01,Hexagon head bolt,3,MY23 MY22 MY22.5 *
3400132-Y01,Steering lower axle,1,MY23 MY22 MY22.5 *
3400108-Y01,Lower shaft shield steering column,1,MY23 MY22 MY22.5 *
3400108Y0210,Lower shaft shield steering column,1,MY23 * * MY24
3400104-Y01,Steering wheel assembly,1,MY23 MY22 MY22.5 *
3400106-Y01,Electric power steering column (EPS),1,MY23 * * *
3400106Y0210,Electric power steering column (EPS),1,MY23 * * MY24
3400141-Y01,Prevailing torque type all-metal hexagon nuts with flange,1,MY23 * * *
3400142-Y01,Universal joint steering column,1,MY23 * * *
3400143-Y01,Hexagon head bolt,2,MY23 * * *
3400144-Y01,Controller bracket,1,MY23 * * *
3400145-Y01,Controller,1,MY23 * * *
Q146B0612,Hexagon head bolt spring washer and plain washer assy,2,MY23 * * *
3400146-Y01,Motor,1,MY23 * * *
3400147-Y01,Hexagon bolt with flange,2,MY23 * * *
3400148-Y01,Electric steering column body,1,MY23 * * *
S18606003,Hexagon bolt with flange,2,MY23 MY22 MY22.5 MY24
3508101-Y01,Parking pedal,1,MY23 MY22 MY22.5 *
S32008001,hexagon nut with flange,3,MY23 MY22 MY22.5 *
3508102Y0210,Front section parking cable,1,MY23 * * *
3508103Y0210,Left parking cable,1,MY23 * * *
3508104Y0210,Right parking cable,1,MY23 * * *
3506048Y0210,Spring retainer ring parking wire-drawing,1,MY23 * * *
S50108001,Locking pin,1,MY23 MY22 MY22.5 MY24
S18406003,Hexagon bolt with flange,3,MY23 MY22 MY22.5 *
3540103Y0211,Electronic vacuum pump,1,MY23 * * MY24
3540104Y0211,Vent hose electronic vacuum pump,1,MY23 * * *
Q402B06,gasket,2,MY23 MY22 MY22.5 *
3540102Y0211,vacuum tank,1,MY23 * * MY24
3540108Y0211,Vacuum tank bracket,1,MY23 * * *
Q1840645,Hexagon bolt with flange,4,MY23 * * *
3540106Y0210,Vacuum sensor,1,MY23 * * MY24
3540105Y0210,vacuum hose,1,MY23 * * *
3540101Y0210,Vacuum booster,1,MY23 * * MY24
S51008001,Axis pin,1,MY23 MY22 * MY24
3504101Y0205,Brake pedal assy,1,MY23 * * *
Q1840820,Hexagon bolt with flange,2,MY23 MY22 MY22.5 *
3506101Y0210,Master cylinder to ABS pipe (1st chamber),1,MY23 * * *
3506102Y0210,Master cylinder to ABS pipe (2nd chamber),1,MY23 * * *
3506109Y0210,Front left brake pipe,1,MY23 * * *
3506111Y0210,Front right brake pipe,1,MY23 * * *
3506115Y0210,Front section rear left brake pipe,1,MY23 * * *
3506114Y0210,Front section rear right brake pipe,1,MY23 * * *
3506122Y0210,Rear section rear left brake pipe,1,MY23 * * *
3506121Y0210,Rear section rear right brake pipe,1,MY23 * * *
3506113Y0210,Double-hole pipe clip,4,MY23 MY22 MY22.5 *
3506116Y0210,Single hole pipe clip,4,MY23 MY22 MY22.5 *
3550300-Y01,Front wheel speed sensor,2,MY23 MY22 MY22.5 *
3550302-Y01,Front wheel speed sensor bracket,2,MY23 MY22 MY22.5 *
S32006003,hexagon nut with flange,2,MY23 MY22 MY22.5 MY24
3550400-Y01,Rear wheel speed sensor,2,MY23 MY22 MY22.5 *
3506104Y0210,Front brake hose,2,MY23 * * *
3506112Y0210,rear brake hose,2,MY23 * * *
3506106Y0210,Punched bolts,4,MY23 * * MY24
3506107Y0210,Sealing washer,8,MY23 * * MY24
3506105Y0210,Spring retainer ring brake hose,4,MY23 * * MY24
3550101-Y01,ABS controller,1,MY23 MY22 MY22.5 *
3550111-Y01,Mounting sleeve ABS controller,1,MY23 MY22 MY22.5 *
3926010-Y01,Warning triangles,1,MY23 MY22 MY22.5 MY24
3926020-Y01,Reflective vest,1,MY23 * * MY24
2101020Y0210,Power battery module,3,MY23 * * MY24
2101024Y0210,Module cover plate 1,1,MY23 * * MY24
2101025Y0210,Module cover plate 2,1,MY23 * * MY24
2101026Y0210,Fixing plate wiring harness,1,MY23 * * MY24
2101037Y0210,Handle battery pack,1,MY23 * * MY24
2101038Y0210,Fixing sheet metal handle,2,MY23 * * MY24
2101039Y0210,Y02 heating film,1,MY23 * * MY24
2101040Y0210,Seal ring,3,MY23 * * MY24
2101041Y0210,Flexible connection positive terminal,1,MY23 * * MY24
2101042Y0210,Flexible connection negative terminal,1,MY23 * * MY24
2101043Y0210,Switching hard copper bar negative terminal,1,MY23 * * MY24
2101011Y0210,BSU,1,MY23 * * MY24
2101049Y0210-Z001,Quick wiring harness assy,1,MY23 * * MY24
2101044Y0210,Bottom hole 3.7 plastic rivets BNJ-0005B,5,MY23 * * MY24
2101045Y0210,Model: VV-P124-00-KS1 breather valve,1,MY23 * * MY24
2101055Y0210,M6*12 Outer hexagon Dacromet bolts with flange (with  nylon adhesive),3,MY23 * * MY24
2101056Y0210,M5*30 Outer hexagon Dacromet bolts single coil lock washer and plain washer assemblies,4,MY23 * * MY24
2101057Y0210,Prevailing torque type hexagon Dacromet nuts with flange (non-metallic insert),2,MY23 * * MY24
2101058Y0210,M4*10 Hexagon socket button head Dacromet bolt single coil lock washer and plain washer assemblies,4,MY23 * * MY24
2101060Y0210,M4*20 Outer hexagon Dacromet bolts single coil lock washer and plain washer assemblies,42,MY23 * * MY24
2101061Y0210,M3*10 Hexagon socket button head Dacromet bolt single coil lock washer and plain washer assemblies,4,MY23 * * MY24
2101064Y0210,M4*10 Countersunk socket head flat head screw black dacromet,4,MY23 * * MY24
2101046Y0210,BNJ-0181 Rivet tie 5.5 hole,2,MY23 * * MY24
2103010Y0210,Drive motor,1,MY23 * * *
S18408004,Hexagon bolt with flange,3,MY23 MY22 MY22.5 MY24
4002616Y0210,M6 Bonding Bolt (FT thread),1,MY23 * * MY24
2103020Y0210,Phase line pressing plate,1,MY23 * * *
S14606004,Hexagon head bolt spring washer and plain washer assy,2,MY23 * * MY24
S32006002,Hexagon nut with flange,2,MY23 * * *
2103030Y0210,Grounding wire,1,MY23 * * *
2108010Y0210,Vehicle control unit VBU,1,MY23 * * *
2142010Y0210,Motor controller,1,MY23 * * MY24
2142040Y0210,MCU grounding wire,1,MY23 * * *
7925040-Y01,T-BOX?4G?,1,MY23 MY22 MY22.5 *
7925040Y0210,T-BOX?4G?,1,MY23 * * MY24
2101100Y0210-Z002,Power Battery Box device,1,MY23 * * *
2101019Y0210,Battery positive wire harness,1,MY23 * * *
210101AY0210,Battery negative wiring harness,1,MY23 * * *
210101CY0210,Battery box communication wiring harness,1,MY23 * * MY24
210101H-Y01,Module connecting line,2,MY23 MY22 MY22.5 MY24
210101B-Y01,Battery box fast-plug,3,MY23 MY22 MY22.5 MY24
2101013Y0210,Anti-friction bushing,6,MY23 * * MY24
2109010Y0210,High-voltage box assy,1,MY23 * * *
2109011Y0210,High-voltage box casing assy,1,MY23 * * *
2109015Y0210,150A relay,1,MY23 * * *
2109016Y0210,60A relay,1,MY23 * * *
2109017-Y01,20A relay,3,MY23 MY22 MY22.5 MY24
2109211Y0210,40A relay,1,MY23 * * *
2109018-Y01,300A slow-blow fuse,1,MY23 MY22 MY22.5 *
2109111-Y01,20A slow-blow fuse,1,MY23 MY22 MY22.5 *
2109112-Y01,75?100Wprecharge resistence,1,MY23 MY22 MY22.5 *
2109113Y0210,Communications wiring harness high-voltage box,1,MY23 * * *
2109119-Y01,50A slow-blow fuse,2,MY23 MY22 MY22.5 *
S14606005,Hexagon bolt spring washer and plain washer assy M6 16,4,MY23 MY22 MY22.5 *
2101054Y0210,High-voltage warning sign,1,MY23 * * MY24
2109119Y0205,Splitter,1,MY23 * MY22.5 *
2101012Y0210,High voltage acquisition box,1,MY23 * * MY24
2105010Y0210,Positive wiring harness motor controller,1,MY23 * * MY24
2105020Y0210,Negative wiring harness motor controller,1,MY23 * * MY24
2105030Y0210,High voltage wiring harness auxiliary system,1,MY23 * * *
2105060-Y01,Dual-head hoop line card(19mm),4,MY23 MY22 MY22.5 MY24
2105050Y0210,Change-over wiring harness power-off switch,1,MY23 * * *
2107060Y0200,OBC and DCDC two-in-one assy,1,MY23 * MY22.5 *
S18408006,Hexagon bolt with flange,1,MY23 * MY22.5 MY24
S18608002,Hexagon bolt with flange,2,MY23 MY22 MY22.5 *
2107070Y0200,Connecting bracket OBC and DCDC two-in-one assy,1,MY23 * MY22.5 *
2107020Y0210,Charging socket (EN),1,MY23 * * *
2107030-Y01,EV Charger (EN),1,MY23 MY22 MY22.5 MY24
2107040-Y01,Double-head charger (EN),1,MY23 MY22 MY22.5 MY24
2107050-Y01,Charging gun bag,1,MY23 MY22 MY22.5 MY24
3601010Y0210,Body control module?BCM?,1,MY23 * * *
Q1860620,Hexagon bolt with flange,3,MY23 MY22 MY22.5 *
3704010Y0210,Passive start switch,1,MY23 * * MY24
3791020Y0210,PE switch (with antenna),1,MY23 * * MY24
3601030Y0210,start antenna,1,MY23 * * MY24
S27348002,Cross recessed large round head tapping screw 4.8 16,2,MY23 MY22 MY22.5 MY24
ZH1210,Plastic nut seat,2,MY23 MY22 MY22.5 MY24
3791011Y0210,Remote controln chip,2,MY23 * * *
3703010-Y01,12V Battery,1,MY23 MY22 MY22.5 *
3721010Y0210,High pitch horn,1,MY23 * * *
3721020Y0210,low speed alarm (AVAS),1,MY23 * * *
S14606003,Hexagon bolt spring washer and plain washer assy,1,MY23 * * MY24
3736010-Y01,Power off switch,1,MY23 MY22 MY22.5 *
3736011-Y01,Power-off switch shield,1,MY23 MY22 * *
3746010-Y01,Windows regulator control switch,2,MY23 MY22 MY22.5 *
3766010-Y01,Warning switch,1,MY23 MY22 MY22.5 *
3774010Y0210,Combination switch assembly,1,MY23 * * *
S23004001,Cross recessed pan head screw,2,MY23 MY22 MY22.5 MY24
3778010Y0200,Steering wheel lock,1,MY23 * MY22.5 MY24
3781010Y0210,Shift switch,1,MY23 * MY22.5 *
3782010-Y01,Adjusting switch electric rear-view mirror,1,MY23 MY22 MY22.5 MY24
3790020-Y01,Tailgate open switch,1,MY23 MY22 MY22.5 MY24
3790040Y0210,Movable door assy rear bumper,1,MY23 * * MY24
3504102Y0210,Brake switch,1,MY23 * * MY24
3504102-Y01,Brake switch,1,MY23 MY22 MY22.5 *
3736020Y0200,Power off switch shield,1,MY23 * * *
3790010Y0210,Lock cylinder left door,1,MY23 * * *
3790030-Y01,Circlip lock cylinder left door,1,MY23 MY22 MY22.5 MY24
3791010Y0210,Remote key casing,2,MY23 * * *
3791012Y0210,Key gear piece,1,MY23 * * *
3791001Y0210,Remote key assy,2,MY23 * * MY24
3790010Y0210-Z001,Lock cylinder left door,1,MY23 * * MY24
4002010Y0210,Front compartment wiring harness,1,MY23 * * *
4002020Y0210,Roof wiring harness assembly hall version,1,MY23 * * *
4002030Y0210,Left door wiring harness assy (Hall version),1,MY23 * * *
4002040Y0210,Right door wiring harness assy (Hall version),1,MY23 * * *
4003010Y0210,Main wiring harness assy,1,MY23 * * *
4003020Y0210,Auxiliary dashboard wiring harness assy,1,MY23 * * *
4013010Y0200,Tailgate wiring harness assy (Hall version),1,MY23 MY22 MY22.5 *
4013020Y0210,Rear bumper harness assembly,1,MY23 * * *
4014010Y0210,Battery box lock wiring harness,1,MY23 * * MY24
4002011Y0210,Negative wiring harness,1,MY23 * * *
4002816Y0210,M8 Bonding Bolt (FT thread),1,MY23 * * *
3820010Y0200,Central screen (7inch),1,MY23 * * *
S18406001,Hexagon bolt with flange,2,MY23 * * MY24
7911010Y0205,Speaker,2,MY23 * * *
7925020-Y01,USB assy auxiliary dashboard,1,MY23 MY22 MY22.5 *
7925030Y0200,USB assy dashboard,1,MY23 * * *
3820011Y0200,Phone holder,1,MY23 * * *
5205010Y0200,Wiper motor,1,MY23 * MY22.5 MY24
5205020Y0200,Wiper arm (including nozzle leather hose),1,MY23 MY22 MY22.5 MY24
5205030Y0200,Wiper blade,1,MY23 MY22 MY22.5 MY24
5205040Y0200,Front wiper nut cap,1,MY23 MY22 MY22.5 MY24
5207010-Y01,Washing Kettle Assembly (with Water Pipe),1,MY23 MY22 MY22.5 *
5207020Y0200,Two-way hose assy,1,MY23 MY22 MY22.5 MY24
8103010Y0205,Electric compressor assembly,1,MY23 * MY22.5 *
S14608001,Hex bolt spring washer and plain washer assy M8 108,2,MY23 * MY22.5 *
8103011Y0210,Electric compressor bracket assy,1,MY23 * * *
8105010Y0210,Condenser assembly,1,MY23 * * MY24
8105011Y0210,Electronic fan assembly,1,MY23 * * MY24
8107010Y0210,HVAC assembly,1,MY23 * * MY24
8108010Y0210,Compressor suction pipe (EU filler),1,MY23 * * *
S14606002,Hexagon bolt spring washer and plain washer assy M6 20,1,MY23 MY22 MY22.5 MY24
8108020Y0210,Compressor exhaust pipe,1,MY23 * * *
8108030Y0210,Fluid inlet pipe evaporation tank,1,MY23 * * *
8112010Y0210,Air conditioning control panel assembly,1,MY23 * * *
S27342003,Cross recessed large half round head tapping screw 4.2   13,18,MY23 MY22 MY22.5 MY24
5306104Y0210,Air duct central air outlet,1,MY23 * * MY24
5306030Y0210,Front defrost assembly,1,MY23 * * MY24
5306136Y0210,Left defrosting duct,1,MY23 * * MY24
5306141Y0210,Right defrosting duct,1,MY23 * * MY24
2803013-Y01,Mounting bracket front bumper-left,1,MY23 MY22 MY22.5 *
ZH2204-16,A-type reed nut,6,MY23 MY22 MY22.5 MY24
2803014-Y01,Mounting bracket front bumper- right,1,MY23 MY22 MY22.5 *
2803002Y0210D-KIT,Front bumper service kit,1,MY23 * * MY24
2803002Y0210D,Front bumper body,1,MY23 * * *
Z056,Cushion,3,MY23 MY22 MY22.5 MY24
8402509Y0210,Steel clip,2,MY23 * * *
S44003001,Mushroom head break mandrel blind rivet,2,MY23 * * *
S40203001,Big washer,2,MY23 * * *
2803009-Y01D,Front bumper lower trim panel,1,MY23 MY22 MY22.5 MY24
2803007-Y01D,Front bumper trim panel,1,MY23 MY22 MY22.5 MY24
2803003-Y01D,Front bumper central trim panel,1,MY23 MY22 MY22.5 MY24
2803005-Y01D,Front bumper trim strip,1,MY23 MY22 MY22.5 MY24
2803019-Y01,Air deflector trim panel front bumper,1,MY23 MY22 MY22.5 *
6102051-Y01,Dustproof sponge,2,MY23 MY22 MY22.5 MY24
2803017-Y01,Mounting plate front license plate,1,MY23 MY22 MY22.5 *
ZH2204-6,Leaf spring nut B type,4,MY23 MY22 MY22.5 MY24
S27348003,Cross recessed large half-round head tapping screw,4,MY23 * * MY24
2803011-Y01D,Front combination light lower trim panel-left,1,MY23 MY22 MY22.5 MY24
2803012-Y01D,Front combination light lower trim panel-right,1,MY23 MY22 MY22.5 MY24
2804201Y0210,Rear bumper hinge assy-left,1,MY23 * * MY24
2804202Y0210,Front bumper hinge assy-Right,1,MY23 * * MY24
S18408002,Hexagon head bolt with flange,4,MY23 MY22 MY22.5 MY24
2804508-Y01,Mounting bracket rear left bumper,1,MY23 MY22 MY22.5 *
ZH2204-11,B-type leaf spring nut- with M8 Nut,2,MY23 MY22 MY22.5 *
2804509-Y01,Mounting bracket rear right and rear left bumper,1,MY23 MY22 MY22.5 *
2804510Y0210D,Rear bumper body assembly,1,MY23 MY22 MY22.5 *
2804501Y0210D,Rear bumper body,1,MY23 MY22 MY22.5 *
2804504-Y01D,Rear bumper upper trim,1,MY23 MY22 MY22.5 *
2804505-Y01D,Rear bumper lower trim,1,MY23 MY22 MY22.5 *
Z024,Metal expansion nut,4,MY23 MY22 MY22.5 *
5107003-Y01,Side door buffer block,4,MY23 MY22 MY22.5 MY24
2804521Y0210D,Rear bumper sliding door welding assembly,1,MY23 * * MY24
2804901Y0210,Switching guide block,2,MY23 * * MY24
3102111-Y01,Guard panel front left wheel cowling,1,MY23 MY22 MY22.5 *
ZH830,Snap fastener (Small head),14,MY23 MY22 MY22.5 MY24
ZH890,Snap fastener (Big head),10,MY23 MY22 * MY24
Q2214816,Cross recessed head self-tapping screw and plain washer assy,12,MY23 MY22 MY22.5 *
Z058,Stud fastener,10,MY23 MY22 MY22.5 MY24
3102112-Y01,Guard panel front right wheel cowling,1,MY23 MY22 MY22.5 *
3102113-Y01,Guard panel rear left wheel cowling,1,MY23 MY22 MY22.5 *
3102117-Y01,Side trim panel guard panel rear left wheel cowling,1,MY23 MY22 MY22.5 *
3102114-Y01,Guard panel rear right wheel cowling,1,MY23 MY22 MY22.5 *
3102118-Y01,Side trim panel guard panel rear right wheel cowling,1,MY23 MY22 MY22.5 *
5107101Y0210,Left bottom guard panel,1,MY23 MY22 MY22.5 *
5107102-Y01,Right bottom guard panel,1,MY23 MY22 MY22.5 *
5107103Y0210,Center bottom guard panel,1,MY23 MY22 MY22.5 *
5206010-Y01,Front windshield glass,1,MY23 MY22 MY22.5 *
5206030-Y01,Left roof ceiling glass,1,MY23 MY22 MY22.5 *
5206040-Y01,Right roof ceiling glass,1,MY23 MY22 MY22.5 *
6303010-Y01,Rear windshield glass,1,MY23 MY22 MY22.5 *
5603100Y0210,Rear windshield glass,1,MY23 MY22 * *
5203010-Y01,Front left triangle window glass,1,MY23 MY22 MY22.5 MY24
5203020-Y01,Front right triangle window glass,1,MY23 MY22 MY22.5 MY24
6103010-Y01,Left door windshield glass,1,MY23 MY22 MY22.5 *
6103020-Y01,Right door windshield glass,1,MY23 MY22 MY22.5 *
5302020-Y01,Front wiper cover plate,1,MY23 MY22 MY22.5 *
5302003Y0210,Front flow flume body,1,MY23 * MY22.5 *
5302007-Y01D,Front combo light upper trim panel - left,1,MY23 MY22 MY22.5 *
5302008-Y01D,Front combo light upper trim panel - right,1,MY23 MY22 MY22.5 *
5302011Y0210D,Cover plate front charging port,1,MY23 * * MY24
5302032Y0210,Inner plate front charging port,1,MY23 * * MY24
5302031Y0210,Front charging port base,1,MY23 * * MY24
5302033Y0210,Rotating shaft front charging port,1,MY23 * * MY24
5302035Y0210,cushion front charging port cover,1,MY23 * * *
5302034Y0210,spring,1,MY23 * * MY24
5306155-Y01,Complete vehicle nameplate,1,MY23 MY22 MY22.5 *
5306156-Y01,X Logo,1,MY23 MY22 MY22.5 MY24
5306157-Y01,YOYO logo,1,MY23 MY22 MY22.5 MY24
5306010Y0220,XEV logo,1,MY23 MY22 MY22.5 MY24
5400100Y0210D,Trim panel assy front upper section left wall,1,MY23 * * *
ZH1255,D-shaped buckle,17,MY23 MY22 MY22.5 MY24
5400300Y0210D,Trim panel assy rear upper section left wall,1,MY23 * * *
5400500-Y01D,Left side small trim assembly,1,MY23 MY22 MY22.5 *
ZH680,Metal V-fastener,3,MY23 MY22 MY22.5 MY24
5400101-Y01D,Left rear wheel plate,1,MY23 MY22 MY22.5 MY24
5400771-Y01D,The lower left threshold,1,MY23 MY22 MY22.5 *
S22148002,Cross recessed head self-tapping screw and plain washer assy,4,MY23 * * MY24
5400200Y0210D,Trim panel assy front upper section right wall,1,MY23 * * *
5400400Y0210D,Trim panel assy rear upper section right wall,1,MY23 * * *
5400600-Y01D,Right side small trim assembly,1,MY23 MY22 MY22.5 *
5400201-Y01D,Right rear wheel plate,1,MY23 MY22 MY22.5 MY24
5400781-Y01D,Right lower threshold,1,MY23 MY22 MY22.5 *
5702020-Y01D,Roof cover assembly,1,MY23 MY22 MY22.5 *
5702018-Y01,Waterproof gasket roof,7,MY23 * * *
5702013-Y01,Sponge waterproof gasket roof ( W12 T8),5,MY23 MY22 MY22.5 *
6102071Y0210,Trim panel front window left door,1,MY23 * * MY24
S27342004,Cross-recessed half-round large head self-tapping screw,4,MY23 MY22 MY22.5 MY24
6102075Y0210D,Left door outer panel,1,MY23 * * *
6102052Y0210,Mounting bolt outer panel door,3,MY23 * * *
S23006002,Cross recessed pan head bolt with spring washer and plain washer assy,7,MY23 MY22 MY22.5 MY24
6102077-Y01D,Lower trim panel left door,1,MY23 MY22 MY22.5 MY24
5306148Y0210,Double faced adhesive tape- (W10mm T0.8mm),1,MY23 MY22 MY22.5 MY24
6102073Y0210D,Upper trim panel left door,1,MY23 * * *
6102079Y0210,Mounting plate PE Switch,1,MY23 * * *
6102081Y0210,Trim panel front window right door,1,MY23 * * MY24
6102076Y0210D,Right door outer panel,1,MY23 * * *
6102078-Y01D,Lower trim panel right door,1,MY23 MY22 MY22.5 MY24
6102074-Y01D,Upper trim panel right door,1,MY23 MY22 MY22.5 *
8200151Y0210,Welcome pedal-left,1,MY23 MY22 MY22.5 MY24
8200152Y0210,Welcome pedal-right,1,MY23 MY22 MY22.5 MY24
8402110Y0240D,Front hood welding assy,1,MY23 * * MY24
8402505Y0210,Front hood knob-Left,1,MY23 * * MY24
8402506Y0210,Front hood knob-Right,1,MY23 * * MY24
8402507Y0210,Front hood steel clip base,2,MY23 * * MY24
S27348004,Cross-recessed half-round large head self-tapping screw,2,MY23 MY22 MY22.5 MY24
8403111-Y01D,Welding assy left fender,1,MY23 MY22 MY22.5 *
8403102-Y01,Lower trim panel left triangular window,1,MY23 MY22 MY22.5 MY24
8403121-Y01D,Welding assy right fender,1,MY23 MY22 MY22.5 *
8403202-Y01,Lower trim panel right triangular window,1,MY23 MY22 MY22.5 MY24
4121030-Y01,Front left combination light assy (Thick-walled parts of daytime running lights),1,MY23 MY22 MY22.5 *
4121040-Y01,Front right combination light assy (Thick-walled parts of daytime running lights),1,MY23 MY22 MY22.5 *
4108010Y0205,License light assembly,2,MY23 * * MY24
4123010Y0205,Ceiling light,1,MY23 * * MY24
4123020Y0205,Ceil light shield,1,MY23 * * MY24
S21405002,Cross groove pan-headed screw M5 16,2,MY23 MY22 MY22.5 MY24
4133010-Y01,Rear left combination light assy,1,MY23 MY22 MY22.5 *
4133020-Y01,Rear right combination light assy,1,MY23 MY22 MY22.5 *
BNJ-0270,Tail light buckle,4,MY23 * * MY24
5810010-Y01,Seat belt assembly - left,1,MY23 MY22 MY22.5 MY24
5810020-Y01,Seat belt assembly - right,1,MY23 MY22 MY22.5 MY24
5810011-Y01,Seat belt buckle-left,1,MY23 MY22 MY22.5 MY24
5810021-Y01,Seat belt buckle- right,1,MY23 MY22 MY22.5 MY24
6101710Y0210,Front guide rail assy left door,1,MY23 * * MY24
6101720Y0210,Front guide rail assy right door,1,MY23 * * MY24
6101750Y0210,Rubber coating assy rear guide rail left door,1,MY23 * * MY24
6107127Y0210,Rear mud groove left door,1,MY23 * * MY24
6101733Y0210,Mounting block of rear triangular window-Left,1,MY23 * * MY24
6101760Y0210,Rubber coating assy rear guide rail right door,1,MY23 * * MY24
6107128Y0210,Rear mud groove right door,1,MY23 * * MY24
6101734Y0210,Mounting block of rear triangular window- Right,1,MY23 * * MY24
6101901Y0205,Upper waterproof membrane assy left door,1,MY23 MY22 MY22.5 MY24
6101902Y0205,Upper waterproof membrane assy right door,1,MY23 MY22 MY22.5 MY24
6101903Y0205,Lower waterproof membrane left&right door,2,MY23 MY22 MY22.5 MY24
6104110Y0210,Electric window regulator assy left door,1,MY23 * * *
6104120Y0210,Electric window regulator assy right door,1,MY23 * * *
6105101Y0205,Electronic controlling lock body left door,1,MY23 * * MY24
6105103Y0205,Pull rod electronic controlling lockleft door,1,MY23 * * MY24
6105105Y0205,Pull rod electronic controlling lock cylinder left door,1,MY23 * * MY24
6105107Y0205,Lock catch electronic controlling Lock door,1,MY23 * * MY24
6105111Y0205,Electronic controlling lock cable left door,2,MY23 * * MY24
S25808001,Cross recessed countersunk head screw and countersunk external toothed lock washer,4,MY23 * * MY24
S99006121,Cross-recessed countersunk-head screw and cone saw locking washer assy,6,MY23 * * MY24
6105102Y0205,Electronic controlling lock body right door,1,MY23 * * MY24
6105104Y0205,Pull rod electronic controlling lock right door,1,MY23 * * MY24
5606011-Y01,Electric lock system body tailgate,1,MY23 MY22 MY22.5 *
6105107-Y01,Lock catch electronic controlling lock door,1,MY23 MY22 MY22.5 *
5606032-Y01,Handle front charging port cap lock,1,MY23 MY22 MY22.5 *
5606033-Y01,Cap lock cable front charging port,1,MY23 MY22 MY22.5 *
5606034-Y01,Fastener ties ?7,3,MY23 MY22 MY22.5 *
5606410Y0210,Lock assy battery box,2,MY23 * * MY24
5606420Y0210,Locking hook assy battery box,2,MY23 * * MY24
5606600Y0210,Bobes recess flange screw with black nickel plating M6 1.0 ,4,MY23 * * MY24
6105330Y0205,Inner handle assemly-left,1,MY23 MY22 MY22.5 MY24
6105340Y0205,Inner handle assemly-right,1,MY23 MY22 MY22.5 MY24
6105510Y0205D,Outer handle assy left door,1,MY23 MY22 MY22.5 MY24
6105520Y0205D,Outer handle assy right door,1,MY23 MY22 MY22.5 MY24
6307111Y0210,Sealing strip. tailgate,1,MY23 * * MY24
6307113-Y01,Upper sealing strip tailgate,1,MY23 MY22 MY22.5 *
6307114Y0210,Upper sealing strip tailgate,1,MY23 MY22 * *
6107117Y0210,Outer weather strip right door glass,1,MY23 * * *
6107121Y0210,Inner weather strip left door glass,1,MY23 * * MY24
6107122Y0210,Inner weather strip right door glass,1,MY23 * * MY24
6107111Y0210,Seal strip front left door opening,1,MY23 * * MY24
6107112Y0210,Seal strip front right door opening,1,MY23 * * MY24
6107113Y0210,Upper seal strip front left door opening,1,MY23 * * MY24
6107114Y0210,Upper seal strip front right door opening,1,MY23 * * MY24
6107115Y0210,Joint angle front mud groove left door,1,MY23 * * MY24
6107116Y0210,Joint angle front mud groove right door,1,MY23 * * MY24
5206011Y0210,Sealing strip front windshield,1,MY23 * * MY24
5701211Y0210,Sealing strip sunroof-left,1,MY23 * * *
5701212Y0210,Sealing strip sunroof-right,1,MY23 * * *
6107131Y0210,Sealing strip front triangle window-left,1,MY23 * * MY24
6107132Y0210,Sealing strip front triangle window-right,1,MY23 * * MY24
6107135Y0210,Sealing strip battery box,1,MY23 * * MY24
6107137Y0210,Sealing washer roof,1,MY23 MY22 MY22.5 MY24
6309110-Y01,Air spring,2,MY23 MY22 MY22.5 *
6309101-Y01,Mounting bracket pneumatic stay bar tailgate- left,1,MY23 MY22 MY22.5 *
6309102-Y01,Mounting bracket pneumatic stay bar tailgate- right,1,MY23 MY22 MY22.5 *
6309103-Y01,Ball stud air spring,2,MY23 MY22 MY22.5 *
6900100Y0210-Z001,Front left seat assembly,1,MY23 MY22 * *
6900200Y0210-Z001,Front right seat assembly,1,MY23 MY22 * *
6900300Y0210,Trim cover seat bracket-left,2,MY23 MY22 * MY24
6900400Y0210,Trim cover seat bracket-right,2,MY23 MY22 * MY24
S18510002,Hexagon bolt with flange,8,MY23 * * MY24
8200101-Y01,Lifter rubber block,4,MY23 MY22 MY22.5 MY24
S40210001,Large gasket,4,MY23 MY22 MY22.5 *
8200105Y0210,Front overflow pipe,1,MY23 MY22 MY22.5 MY24
S67325001,Steel strap elastic hoop,1,MY23 MY22 MY22.5 MY24
ZDJ155 6.4,Fastener ties ?7,1,MY23 * * *
8201010-Y01,Inner rear-view mirror,1,MY23 MY22 MY22.5 *
8202010Y0210D,Left outer rear-view mirror assy,1,MY23 * * MY24
8202011Y0210D,Left exterior rear-view mirror assy,1,MY23 * * MY24
8202012Y0210,Left exterior rear-view mirror lens assy,1,MY23 MY22 MY22.5 MY24
8202020Y0210D,Right outer rear-view mirror assy,1,MY23 * * MY24
8202021Y0210D,Right exterior rear-view mirror assy,1,MY23 * * MY24
8202022Y0210,Right exterior rear-view mirror lens ass,1,MY23 MY22 MY22.5 MY24
S23606002,Cross recessed pan head screw plain washer and spring washer assy,6,MY23 * * *
8204010Y0205,Sun visor assembly,2,MY23 MY22 MY22.5 *
8204020Y0205,Base cover plate sunvisor,2,MY23 MY22 MY22.5 MY24
S21406001,Cross recessed pan-headed screw,4,MY23 MY22 * MY24
8208010-Y01,Rear left retroreflector,1,MY23 MY22 MY22.5 *
8208020-Y01,Rear right retroreflector,1,MY23 MY22 MY22.5 *
8208030-Y01,Side retroreflector,2,MY23 MY22 MY22.5 MY24
5010010Y0210,Body-in-white frame assy,1,MY23 * * *
5101210Y0210,Framework assy front compartment,1,MY23 * * *
5101170Y0210,Frame assy intermediate floor,1,MY23 * * *
5101230Y0210,Frame assy rear floor,1,MY23 * * *
5101130-Y01,Support assy - left front suspension spring,1,MY23 MY22 MY22.5 *
5101140-Y01,Support assy - right front suspension spring,1,MY23 MY22 MY22.5 *
5301000Y0210,Front wall assy,1,MY23 * * *
5101750Y0210,Seat assy,1,MY23 * * *
5101940-Y01,Rear floor assy,1,MY23 MY22 MY22.5 *
5601111-Y01,Outer plate assy rear wall,1,MY23 * * *
5401350-Y01,Inner panel component left A-pillar,1,MY23 MY22 MY22.5 MY24
5401360-Y01,Inner panel component right A-pillar,1,MY23 MY22 MY22.5 MY24
5401230-Y01,Inner panel assy left doorsill,1,MY23 MY22 MY22.5 MY24
5401240-Y01,Inner panel assy right doorsill,1,MY23 MY22 MY22.5 *
5401030-Y01,Inner panel assy doorsill left side wall,1,MY23 MY22 MY22.5 MY24
5401040-Y01,Inner panel assy doorsill right side wall,1,MY23 MY22 MY22.5 MY24
5401010-Y01,Left side wall assy,1,MY23 MY22 MY22.5 *
5401020-Y01,Right side wall assy,1,MY23 MY22 MY22.5 *
5701010-Y01,Roof cover assy,1,MY23 MY22 MY22.5 *
5101270Y0205,Two-in-one mounting bracket assy,1,MY23 * MY22.5 *
5101273Y0210,Mounting bracket condenser,2,MY23 * * *
5101901-Y01,Access panel,1,MY23 MY22 MY22.5 *
5306147-Y01,Sponge bar (W12*8),2,MY23 * * *
5301811-Y01,Tie rod battery,2,MY23 MY22 MY22.5 *
5301813-Y01,Pressing plate,1,MY23 MY22 MY22.5 *
5101467-Y01,Mounting plate power-off Switch,1,MY23 MY22 MY22.5 *
5103520-Y01,Intermediate mounting bracket assy rear bumper,1,MY23 MY22 MY22.5 *
5101187Y0210,Component MCU mounting bracket I,1,MY23 * * MY24
5101191Y0210,Component MCU mounting bracket II,1,MY23 * * MY24
6101100Y0210,Front left door assy,1,MY23 * * MY24
6106010Y0210,Upper hinge side door,1,MY23 * * MY24
6106030Y0210,Lower hinge side door,1,MY23 * * MY24
S18608010,Hexagon bolt with flange,8,MY23 MY22 MY22.5 MY24
6101200Y0210,Front right door assy,1,MY23 * * MY24
6301591-Y01,Mounting plate tailgate lock,1,MY23 MY22 MY22.5 *
6301552-Y01,Right mounting plate buffer block tailgate,1,MY23 MY22 MY22.5 *
6301551-Y01,Left mounting plate buffer block tailgate,1,MY23 MY22 MY22.5 *
6306310Y0205,Tailgate hinge,2,MY23 * MY22.5 *
6301711-Y01,Upper crossbeam assy inner frame tailgate,1,MY23 * * *
5401170-Y01,Mounting bracket component left tubular beam,1,MY23 MY22 MY22.5 MY24
5401180-Y01,Mounting bracket component right tubular beam,1,MY23 MY22 MY22.5 MY24
5133990Y0211,Rear crossbeam power battery box,1,MY23 * * MY24
S18510003,Hexagon head bolt with flange,2,MY23 * * MY24
5133910Y0210,Welding assy power battery body,1,MY23 * * *
5133992Y0210,Front cover plate power battery box,1,MY23 * * *
S14604001,Hexagon head bolt spring washer and plain washer assy,12,MY23 * * MY24
5301710Y0210,Cross beam body assy dashboard,1,MY23 * * *
5301710Y0211,Cross beam body assy dashboard,1,MY23 * * MY24
5109101Y0210,Carpet body,1,MY23 * * *
5109103-Y01,Trunk cover plate,1,MY23 MY22 MY22.5 *
5109104-Y01,Cushion block trunk cover plate,4,MY23 MY22 MY22.5 *
5109109-Y01,Cushion block trunk cover plate,2,MY23 MY22 MY22.5 *
5109105-Y01,Footrest pad,1,MY23 MY22 MY22.5 *
5305011-Y01,Auxiliary dashboard body,1,MY23 MY22 MY22.5 *
5305016-Y01,Lower front cover plate auxiliary dashboard body,1,MY23 MY22 MY22.5 *
5305017-Y01D,Auxiliary dashboard panel,1,MY23 MY22 MY22.5 *
5305019-Y01,Rear cover plate auxiliary dashboard body,1,MY23 MY22 MY22.5 *
5305020-Y01,Handrail framework assy,1,MY23 MY22 MY22.5 *
5305028-Y01D,Left trim panel handrail,1,MY23 MY22 * *
5305029-Y01D,Right trim panel handrail,1,MY23 MY22 * *
5305027-Y01,Bottom cover plate handrail,1,MY23 MY22 MY22.5 *
5305033-Y01,Male fastener handrail lock mechanism,1,MY23 MY22 * *
5305012-Y01,Screw cap,4,MY23 MY22 MY22.5 MY24
5305032-Y01,Female fastener handrail lock mechanism,1,MY23 MY22 MY22.5 *
5305013Y0220,Rubber pad 1,1,MY23 MY22 MY22.5 *
5305014Y0220,Rubber pad 2,1,MY23 MY22 MY22.5 *
5305015Y0220,Rubber pad 3,1,MY23 MY22 MY22.5 *
5305031-Y01,Handrail hinge,1,MY23 MY22 MY22.5 *
5306151-Y01D,Instrument mask,1,MY23 MY22 MY22.5 *
5306139-Y01,Right air vent,1,MY23 MY22 MY22.5 *
5306161-Y01,Control panel A/C remote control,1,MY23 MY22 MY22.5 MY24
5306200Y0205D,Center air outlet assy,1,MY23 MY22 MY22.5 MY24
5306100Y0210,Upper body welding assy dashboard,1,MY23 * * *
5306121-Y01,Left defroster air vent,1,MY23 MY22 MY22.5 MY24
5306123-Y01,Left defroster air deflector,1,MY23 MY22 MY22.5 MY24
5306122-Y01,Right defroster air vent,1,MY23 MY22 MY22.5 MY24
5306124-Y01,Right defroster air deflector,1,MY23 MY22 MY22.5 MY24
5306134-Y01,Storage box dashboard,1,MY23 MY22 MY22.5 *
5306133-Y01,Lower body dashboard,1,MY23 MY22 MY22.5 *
5306102-Y01,Speaker cover,2,MY23 MY22 MY22.5 *
3774011Y0210,Steering shield-upper,1,MY23 * * MY24
3774013Y0210,Steering shield-lower,1,MY23 * * MY24
5402031-Y01,Upper guard panel left inner A-pillar side wall,1,MY23 MY22 MY22.5 MY24
5402041-Y01,Upper guard panel right inner A-column side wall,1,MY23 MY22 MY22.5 MY24
5402131-Y01,Guard panel front inner window trim side wall,1,MY23 MY22 MY22.5 MY24
5402051-Y01,Lower guard panel left inner A-column side wall,1,MY23 MY22 MY22.5 MY24
5402053-Y01,Lower repair opening cap left A-column,1,MY23 MY22 MY22.5 MY24
5402061-Y01,Lower guard panel right inner A-column side wall,1,MY23 MY22 MY22.5 MY24
5402063-Y01,Lower repair opening cap right A-column,1,MY23 MY22 MY22.5 MY24
5402011-Y01,Guard panel inside front left wall side wall,1,MY23 MY22 MY22.5 *
5402021Y0210,Guard panel inside front right wall side wall,1,MY23 * * MY24
ZH1506,Plastic V-fastener,2,MY23 * * MY24
5402111-Y01,Trim strip inside left doorsill side wall,1,MY23 MY22 MY22.5 MY24
5402121-Y01,Trim strip inside right doorsill side wall,1,MY23 MY22 MY22.5 MY24
5402071-Y01,Guard panel inside rear left wall side wall,1,MY23 MY22 MY22.5 MY24
5402081-Y01,Guard panel inside rear right wall side wall,1,MY23 MY22 MY22.5 MY24
5402141-Y01,Guard panel inside rear doorsill,1,MY23 MY22 MY22.5 MY24
5402091-Y01,Inside rear left lower guard panel side wall,1,MY23 MY22 MY22.5 MY24
5402101-Y01,Inside rear right lower guard panel side wall,1,MY23 MY22 MY22.5 MY24
5402128-Y01,Left service opening cover plate,1,MY23 MY22 MY22.5 MY24
5402129-Y01,Right service opening cover plate,1,MY23 MY22 MY22.5 MY24
5402133-Y01,Left footrest,1,MY23 MY22 MY22.5 *
5402147-Y01,Screw cap,3,MY23 MY22 MY22.5 *
5703011-Y01,Roof ceiling interior,1,MY23 MY22 MY22.5 *
ZH1610,Roof ceiling buckle,13,MY23 MY22 MY22.5 MY24
5703021-Y01,Service opening cap left hinge tailgate,1,MY23 MY22 MY22.5 *
5703022-Y01,Service opening cap right hinge tailgate,1,MY23 MY22 MY22.5 *
6102011Y0210,Left door inner panel,1,MY23 * * MY24
6102032-Y01,Mounting plate left pull strap,1,MY23 MY22 MY22.5 MY24
6102033-Y01,Leather pull strap door,1,MY23 MY22 MY22.5 MY24
6102031-Y01D,Intermediate left trim panel,1,MY23 MY22 MY22.5 *
ZH850,C-shaped buckle,2,MY23 MY22 MY22.5 MY24
6102072Y0210,Inner trim panel front left guide rail,1,MY23 * * MY24
6102021Y0210,right door Inner panel,1,MY23 * * *
6102042-Y01,Mounting plate right pull strap,1,MY23 MY22 MY22.5 MY24
6102041-Y01D,Intermediate right trim panel,1,MY23 MY22 MY22.5 *
6102082Y0210,Right door front guide rail innter trim panel,1,MY23 * * MY24
6102086-Y01,Trim cover upper hinge left door,1,MY23 MY22 MY22.5 MY24
6102089-Y01,Trim cover upper hinge right door,1,MY23 MY22 MY22.5 MY24
6102087-Y01,Trim cover lower hinge left door,1,MY23 MY22 MY22.5 MY24
6102088-Y01,Trim cover lower hinge right door,1,MY23 MY22 MY22.5 MY24
6302011-Y01,Tailgate,1,MY23 MY22 MY22.5 *
6302016-Y01,Trim panel lock cap,1,MY23 MY22 MY22.5 *
6302021-Y01,Tailgate glass support plate-left,1,MY23 MY22 MY22.5 *
6302022-Y01,Tailgate glass support plate-right,1,MY23 MY22 MY22.5 *
6302015-Y01,Lock cap service opening,1,MY23 MY22 MY22.5 *
6302017-Y01D,Upper plate spoiler shield,1,MY23 MY22 MY22.5 *
5306149Y0210,Double faced adhesive tape- (W10mm T0.5mm),2,MY23 MY22 MY22.5 *
6302018-Y01D,Lower panel spoiler shield,1,MY23 MY22 MY22.5 MY24
5107001-Y01,Tailgate buffer block,2,MY23 MY22 MY22.5 *
8200110-Y01,Rear carrier assy,1,MY23 MY22 * *
8200111-Y01,Rear carrier,1,MY23 MY22 MY22.5 MY24
8200113-Y01,Base plate left hinge,1,MY23 MY22 MY22.5 MY24
8200114-Y01,Inner plate left hinge,1,MY23 MY22 MY22.5 MY24
8200115-Y01,Base plate right hinge,1,MY23 MY22 MY22.5 MY24
8200116-Y01,Inner panel right hinge,1,MY23 MY22 MY22.5 MY24
8200117-Y01,Limiting block rear carrier,2,MY23 MY22 MY22.5 MY24
1108001-Y01,Acceleration System,1,* MY22 * *
1108010-Y01,Electrical accelerator pedal,1,* MY22 MY22.5 *
Q1860625,Hexagon bolt with flange,3,* MY22 MY22.5 *
2101000-Y01,Power battery assy,1,* MY22 * *
2101000-Y0201,Power Battery Assy (with battery lock) (ENI customized version),1,* MY22 * *
2101010-Y01,Power battery box,1,* MY22 * *
2101010Y0201,Power battery box,1,* MY22 * *
2101013-Y01,Anti-friction bushing,6,* MY22 MY22.5 *
2101017-Y01,Anti-theft bolt battery box,2,* MY22 MY22.5 *
2101018-Y01,Cover plate battery box,1,* MY22 MY22.5 *
2101018Y0201,Cover plate battery box (with battery lock? (ENI customized version),1,* MY22 * *
2101019-Y01,Battery positive wire harness,1,* MY22 MY22.5 *
210101A-Y01,Battery negative wiring harness,1,* MY22 * *
210101C-Y01,Battery box communication wiring harness,1,* MY22 * *
Q174B0614T1F,M6*14-304 Cross recessed outer hexagonal bolt single coil lock washer and plain washer assemblies,6,* MY22 MY22.5 *
Q174B0425T1F,M4* 25- 304 Cross recessed outer hexagonal bolt single coil lock washer and plain washer assemblies,12,* MY22 MY22.5 *
Q174B0410T1F,M4*10-304 Cross recessed outer hexagonal bolt single coil lock washer and plain washer assemblies,8,* MY22 MY22.5 *
5306142-Y01,Sponge strip (W12* T5),1,* MY22 MY22.5 *
Q1461025,M10 25 Cross recessed hexagon bolt with indentation single coil lock washer and plain washer assemblies,4,* MY22 * *
2101020-Y01,Power battery module,3,* MY22 * *
2101011-Y01,Battery sampling unit? BSU?,1,* MY22 * *
2109013-Y01,Left mounting bracket BSU,1,* MY22 * *
2109014-Y01,Right mounting bracket BSU,1,* MY22 * *
2101030-Y01,Switching mode special socket ,1,* MY22 * *
2101030Y0201,Battery box assy (ENI customized version),1,* MY22 * *
Q174B0530T1F,M5*30-304 Cross recessed outer hexagonal bolt single coil lock washer and plain washer assemblies,4,* MY22 * *
Q174B0310T1F,M3*10-304 Cross recessed outer hexagonal bolt single coil lock washer and plain washer assemblies,3,* MY22 * *
2109010-Y01,Control box power system (formerly HV box),1,* MY22 * *
2109011-Y01,HV box casing,1,* MY22 MY22.5 *
2109211-Y01,HV box cover,1,* MY22 MY22.5 *
2109012-Y01,Current sensor,1,* MY22 * *
Q174B0416T1F,M4*16-304 Cross recessed outer hexagonal bolt single coil lock washer and plain washer assemblies,1,* MY22 MY22.5 *
Q304B04,Outer hexagonal nut,1,* MY22 MY22.5 *
2101012-Y01,HV sampling case,1,* MY22 * *
Q174B0414T1F,M4* 14- 304 Cross recessed outer hexagonal bolt single coil lock washer and plain washer assemblies,4,* MY22 MY22.5 *
Q32004,Hexagon nut with flange,4,* MY22 MY22.5 *
2109015-Y01,150A relay,1,* MY22 MY22.5 *
Q174B0620T1F,M6* 20- 304 Cross recessed outer hexagonal bolt single coil lock washer and plain washer assemblies,2,* MY22 MY22.5 *
2109016-Y01,50A relay,1,* MY22 MY22.5 *
Q174B0818T1F,M8*18-304 Cross recessed outer hexagonal bolt single coil lock washer and plain washer assemblies,2,* MY22 MY22.5 *
2109113-Y01,Communications wiring harness high-voltage box,1,* MY22 * *
2103000-Y01,Drive Motor Assembly,1,* MY22 * *
2103010-Y01,Motor (7.5KW),1,* MY22 MY22.5 *
Q1841255,Hexagon bolt with flange,4,* MY22 MY22.5 *
Q401B12,Plain washer,4,* MY22 MY22.5 *
2103020-Y01,Phase line pressing plate,1,* MY22 MY22.5 *
2105000-Y01,High-Voltage Wiring Harness Assy,1,* MY22 * *
2105010-Y01,Positive wiring harness motor controller,1,* MY22 MY22.5 *
2105020-Y01,Negative wiring harness motor controller,1,* MY22 MY22.5 *
2105030-Y01,High voltage wiring harness auxiliary system,1,* MY22 * *
2105040-Y01,Double-pipe clamping piece (?34),2,* MY22 MY22.5 *
2105050-Y01,Change-over wiring harness power-off switch,1,* MY22 MY22.5 *
2107000-Y01,Charging system,1,* MY22 * *
2107010-Y01,On-Board Charger(OBC),1,* MY22 * *
Q1460820,Hex bolt spring washer and plain washer assy M8 20,4,* MY22 MY22.5 *
2107020-Y01,European standard charging socket,1,* MY22 * *
2110000-Y01,DCDC Converter assy,1,* MY22 * *
2110010-Y01,DCDC converter,1,* MY22 * *
2108000-Y01,VBU assembly,1,* MY22 * *
2108010-Y01,Vehicle control unit,1,* MY22 * *
2108010Y0201,Vehicle control unit (ENI customized version),1,* MY22 * *
2142000-Y01,Motor control unit assy,1,* MY22 * *
2142010-Y01,Motor controller assembly,1,* MY22 MY22.5 *
3600000-Y01,Vehicle electronic Unit,1,* MY22 * *
3601010-Y01,Body control module?BCM?,1,* MY22 * *
3601010Y0200,Body control module?BCM?,1,* MY22 * *
3601010Y0201,Body control module (BCM) (ENI customized version),1,* MY22 * *
3700000-Y01,Vehicle Electrical Equipment,1,* MY22 * *
3704010-Y01,Passive start switch,1,* MY22 MY22.5 *
3721010-Y01,High pitch horn,1,* MY22 MY22.5 *
Q1860630,Hexagon bolts with flange M6 30,1,* MY22 MY22.5 *
3774010-Y01,Combination switch assembly,1,* MY22 MY22.5 *
3778010-Y01,Steering wheel lock,1,* MY22 * *
3781010-Y01,Shift switch,1,* MY22 * *
3781010-Y01-A,Shift switch (without S position),1,* MY22 * *
3790010-Y01,Lock cylinder left door,1,* MY22 MY22.5 *
3791010-Y01,Remote control,2,* MY22 MY22.5 *
3791010Y0201,Remote control (ENI customized version),1,* MY22 * *
3791020-Y01,PE switch (with antenna),1,* MY22 MY22.5 *
3721020-Y01,low speed alarm (AVAS),1,* MY22 MY22.5 *
ST0205,Cross-recessed tapping screw M2*5,2,* MY22 * *
3820000-Y01,Center screen assembly,1,* MY22 * *
3820010-Y01,Central screen (7inch),1,* MY22 MY22.5 *
3820020Y0202,Central screen (7inch),1,* MY22 * *
3820000Y0201,Central screen Assy (ENI customized version),1,* MY22 * *
3820010Y0201,Central screen (7inch) (ENI customized version),1,* MY22 * *
3820020Y0203,Central screen (7inch) (ENI customized version),1,* MY22 * *
3820012-Y01,Phone holder,1,* MY22 MY22.5 *
4000000-Y01,Low-voltage Wiring Harness Assy,1,* MY22 * *
4002010-Y01,Front compartment wiring harness,1,* MY22 * *
4002010Y0201,Front compartment wiring harness assy (ENI customized version),1,* MY22 * *
4002020-Y01,Roof ceiling wiring harness assy,1,* MY22 MY22.5 *
4002020Y0200,roof wiring harness assembly hall version,1,* MY22 MY22.5 *
4002030-Y01,Left door wiring harness assy,1,* MY22 MY22.5 *
4002030Y0200,Left door wiring harness assy (Hall version),1,* MY22 MY22.5 *
4002040-Y01,Right door wiring harness assy,1,* MY22 MY22.5 *
4002040Y0200,Right door wiring harness assy (Hall version),1,* MY22 MY22.5 *
4003010-Y01,Main wiring harness assy,1,* MY22 * *
4003010Y0200,Main wiring harness assy (Hall version),1,* MY22 MY22.5 *
4003010Y0201,Main wiring harness assy (Hall version) (ENI customized version),1,* MY22 * *
4003020-Y01,Auxiliary dashboard wiring harness assy,1,* MY22 * *
4013010-Y01,Tailgate wiring harness assy,1,* MY22 MY22.5 *
4013020-Y01,Rear bumper harness assembly,1,* MY22 MY22.5 *
4013020Y0201,Wiring harness assy rear bumper (ENI customized version),1,* MY22 * *
5200000-Y01,Wiper and Washer System,1,* MY22 * *
5205010-Y01,Wiper motor,1,* MY22 * *
Q1860635,Hexagon bolts with flange M6X35,2,* MY22 MY22.5 *
8100000-Y01,Air conditioning system,1,* MY22 * *
8103010-Y01,Electric compressor assembly,1,* MY22 * *
8103020-Y01,Compressor control unit,1,* MY22 * *
8105010-Y01,Condenser assembly,1,* MY22 * *
8107010Y0205,HVAC assembly,1,* MY22 MY22.5 *
8108010Y0101,Compressor suction pipe (EU filler),1,* MY22 * *
8108020-Y01,Compressor exhaust pipe,1,* MY22 * *
8108030Y0101,Fluid inlet pipe evaporation tank,1,* MY22 * *
8112010-Y01,Air conditioning control panel assembly,1,* MY22 * *
Q1460625,Hexagon bolt spring washer and plain washer assy,4,* MY22 MY22.5 *
7900000-Y01,Information Communication Device,1,* MY22 * *
7903010-Y01,start antenna,1,* MY22 MY22.5 *
7911010-Y01,Speaker,1,* MY22 MY22.5 *
7925030-Y01,USB assy dashboard,1,* MY22 MY22.5 *
2901000-Y01,Front Suspension,1,* MY22 * *
Q1841050TF61,Flange bolts,8,* MY22 * *
Q32010,Hexagon nut with flange,2,* MY22 MY22.5 *
2906100-Y01,Stabilizer assembly,1,* MY22 MY22.5 *
2906107-Y01,?16 large gasket,2,* MY22 MY22.5 *
Q1461030,Hexagon head bolt spring washer and plain washer assy,4,* MY22 MY22.5 *
2904101-Y01,Front left shock absorber assembly,1,* MY22 MY22.5 *
2904102-Y01,Front right shock absorber assembly,1,* MY22 MY22.5 *
2911000-Y01,Rear suspension,1,* MY22 * *
2912135-Y01,Retaining ring gasket,1,* MY22 * *
2912100-Y01,Rear drive axle assy,1,* MY22 MY22.5 *
2912111-Y01,Axle tube,1,* MY22 MY22.5 *
2912112-Y01,Main reducer assembly,1,* MY22 MY22.5 *
2912166-Y01,Sealing washer motor,1,* MY22 MY22.5 *
2912119-Y01,Nut filler plug,1,* MY22 MY22.5 *
2912132-Y01,Gasket filler plug,1,* MY22 * *
2912120-Y01,Nut drain plug,1,* MY22 MY22.5 *
2912133-Y01,Gasket drain plug,2,* MY22 * *
2912126-Y01,Oil seal input shaft,1,* MY22 MY22.5 *
2914300-Y01,Thrust rod assy,2,* MY22 MY22.5 *
Q1851020,Hexagon bolt with flange,2,* MY22 MY22.5 *
2912017-Y01,Mounting bracket motor ,1,* MY22 MY22.5 *
S18606004,Hexagon bolt with flange,2,* MY22 MY22.5 *
2915100-Y01,Rear shock absorber,2,* MY22 MY22.5 *
2912011-Y01,Rear coil spring,2,* MY22 MY22.5 *
2914200-Y01,Rear balance bar,1,* MY22 MY22.5 *
3100000-Y01,Wheeling System,1,* MY22 * *
3100109-Y01,Winter tire (155/65-R14),1,* MY22 MY22.5 *
3100110-Y01,"15"" aluminum wheel assembly",4,* MY22 MY22.5 *
3100111-Y01,Tire (155/60-R15),1,* MY22 MY22.5 *
3100112-Y01,All season tire (155/60-R15),1,* MY22 MY22.5 *
3100105-Y01,"15"" aluminum wheel",1,* MY22 MY22.5 MY24
3100113-Y01TR413,Cycle valve,1,* MY22 MY22.5 *
3106106Y0240,Wheel nut (steel wheel),4,* MY22 MY22.5 MY24
3400000-Y01,Steering  system ,1,* MY22 * *
Q1841050,Hexagon bolt with flange,2,* MY22 MY22.5 *
3400114-Y01,dust cover,2,* MY22 MY22.5 *
3500000-Y01,Brake System,1,* MY22 * *
3508100-Y01,Parking control mechanism assembly,1,* MY22 MY22.5 *
3508102-Y01,Front section parking cable,1,* MY22 MY22.5 *
3508103-Y01,Rear left parking cable,1,* MY22 MY22.5 *
3508104-Y01,Rear right parking cable,1,* MY22 MY22.5 *
3506048-Y01,Spring retainer ring parking cable,1,* MY22 MY22.5 *
3540102-Y01,Vacuum tank assy,1,* MY22 MY22.5 *
3540121-Y01,Vacuum tank,1,* MY22 MY22.5 *
3540122-Y01,Seal plug,1,* MY22 MY22.5 *
3540123-Y01,Controller assembly,1,* MY22 MY22.5 *
3540124-Y01,Silicone hose (655),1,* MY22 MY22.5 *
3540125-Y01,Hose clamp,2,* MY22 MY22.5 *
Q67405100,Plastic cable tie,1,* MY22 * *
3540103-Y01,Electronic vacuum pump assy,1,* MY22 MY22.5 *
3540131-Y01,Vacuum pump,1,* MY22 MY22.5 *
3540132-Y01,Shock-absorbing sleeve,4,* MY22 MY22.5 *
3540133-Y01,Rubber hose 90 5mm,1,* MY22 MY22.5 *
3540134-Y01,Filter,1,* MY22 MY22.5 *
3540135-Y01,Rubber hose 115 5mm,1,* MY22 MY22.5 *
3540136-Y01,Tee-junction,1,* MY22 MY22.5 *
3540101-Y01,Vacuum booster with brake master cylinder ,1,* MY22 MY22.5 *
3540111-Y01,Vacuum booster,1,* MY22 MY22.5 *
3540113-Y01,Oiler,1,* MY22 MY22.5 *
3540114-Y01,Fluid reservoir cap,5,* MY22 MY22.5 *
3506105-Y01,Spring retainer ring brake hose,4,* MY22 MY22.5 *
3506106-Y01,Hollow Bolt,4,* MY22 MY22.5 *
3506112-Y01,rear brake hose,2,* MY22 MY22.5 *
3504101-Y01,Brake pedal assy,1,* MY22 MY22.5 *
3506109-Y01,Front left brake pipe,1,* MY22 MY22.5 *
3506111-Y01,Front right brake pipe,1,* MY22 MY22.5 *
3506114-Y01,Front section rear right brake pipe,1,* MY22 MY22.5 *
3506121-Y01,Rear section rear right brake pipe,1,* MY22 MY22.5 *
3506115-Y01,Front section rear left brake pipe,1,* MY22 MY22.5 *
3506122-Y01,Rear section rear left brake pipe,1,* MY22 MY22.5 *
3506101-Y01,Master cylinder to ABS pipe,2,* MY22 MY22.5 *
3506107-Y01,Copper washer,8,* MY22 MY22.5 *
Q1860816,Hexagon flange bolt,4,* MY22 * *
3506104-Y01,Front brake hose,2,* MY22 MY22.5 *
5010010-Y01,Body-in-white frame assy,1,* MY22 * *
5101210-Y01,Framework assy front compartment,1,* MY22 * *
5101170-Y01,Frame assy intermediate floor,1,* MY22 MY22.5 *
5101230-Y01,Frame assy rear floor ,1,* MY22 MY22.5 *
5301000-Y01,Front wall assy,1,* MY22 * *
5101750-Y01,Seat cask assy,1,* MY22 MY22.5 *
5601110-Y01,Outer plate assy rear wall,1,* MY22 MY22.5 *
5101900-Y01,Access panel assembly,1,* MY22 * *
5101903-Y01,Sealing rubber strip access panel,1,* MY22 MY22.5 *
5101273-Y01,Mounting bracket condenser,2,* MY22 MY22.5 *
6101010-Y01,Left door welding assy,1,* MY22 MY22.5 *
6101020-Y01,Right door welding assy,1,* MY22 MY22.5 *
6106010-Y01,Upper hinge side door,2,* MY22 MY22.5 *
6106030-Y01,Lower hinge side door,2,* MY22 MY22.5 *
6301710-Y01,Upper crossbeam assy inner frame tailgate,1,* MY22 MY22.5 *
6306310-Y01,Tailgate hinge,2,* MY22 * *
Q2734812,Cross-recessed half-round large head self-tapping screw,6,* MY22 MY22.5 *
5101263-Y01,Mounting bracket rear brake hose- Left,1,* MY22 MY22.5 *
5101264-Y01,Mounting bracket rear brake hose- Right,1,* MY22 MY22.5 *
5101216-Y01,Mounting bracket low speed alarm,1,* MY22 MY22.5 *
5301700-Y01,Dashboard Cross Beam Assy,1,* MY22 * *
5301710-Y01,Cross beam body assy dashboard,1,* MY22 MY22.5 *
ZH2204-21,A-type reed nut,4,* MY22 MY22.5 *
5107000-Y01,Blanking Element System,1,* MY22 * *
5107011-Y01,?10 blanking cap,11,* MY22 MY22.5 MY24
5107016-Y01,?15 blanking cap,2,* MY22 MY22.5 MY24
5107013-Y01,?20 blanking cap,16,* MY22 MY22.5 MY24
5107015-Y01,?30 blanking cap,6,* MY22 MY22.5 MY24
5107014-Y01,?40 blanking cap,4,* MY22 MY22.5 MY24
5107017-Y01,PET hole sticker ?20,2,* MY22 MY22.5 *
5107018-Y01,PET hole sticker ?25,4,* MY22 MY22.5 *
5107019-Y01,PET hole sticker ?30,1,* MY22 MY22.5 *
3400105-Y01,Steering column bushing,1,* MY22 MY22.5 *
5107021-Y01,40*40 m3 Square tubing plug,2,* MY22 MY22.5 *
6309100-Y01,Tailgate Stay Bar System,1,* MY22 * *
6101000-Y01,Guide rail rubber coating assembly,1,* MY22 * *
6101760-Y01,Rubber coating assy front guide rail left door,1,* MY22 MY22.5 *
6101740-Y01,Rubber coating assy front guide rail right door,1,* MY22 MY22.5 *
6101730-Y01,Rubber coating assy rear guide rail left door,1,* MY22 MY22.5 *
6107133-Y01,Mounting block of rear triangular window-Left,1,* MY22 MY22.5 *
6101750-Y01,Rubber coating assy rear guide rail right door,1,* MY22 MY22.5 *
6107134-Y01,Mounting block of rear triangular window- Right,1,* MY22 MY22.5 *
6105000-Y01,Locking Mechanism System,1,* MY22 * *
6105100-Y01,Electronic controlling lock left door,1,* MY22 MY22.5 *
6105101-Y01,Electronic controlling lock body left door,1,* MY22 MY22.5 *
6105103-Y01,Pull rod electronic controlling lock left door,1,* MY22 MY22.5 *
6105105-Y01,Pull rod electronic controlling lock cylinder left door,1,* MY22 MY22.5 *
6105111-Y01,Electronic controlling lock cable left door,1,* MY22 MY22.5 *
Q2400614,Cross recessed countersunk head screw and countersunk external toothed lock washer,6,* MY22 MY22.5 *
Q2580816,Cross recessed countersunk head screw and countersunk external toothed lock washer,6,* MY22 MY22.5 *
6105200-Y01,Electronic controlling lock system right door,1,* MY22 MY22.5 *
6105102-Y01,Electronic controlling lock body right door,1,* MY22 MY22.5 *
6105104-Y01,Pull rod electronic controlling lock right door,1,* MY22 MY22.5 *
6105112-Y01,Electronic controlling lock cable right door,1,* MY22 MY22.5 *
5606010-Y01,Electric lock system tailgate,1,* MY22 MY22.5 *
5606030-Y01,Pull-out system front charging port cover,1,* MY22 MY22.5 *
157-00135(HTC),Cable ties stud,2,* MY22 MY22.5 *
6107000-Y01,Sealing system,1,* MY22 * *
6307111-Y01,Sealing strip. tailgate,1,* MY22 MY22.5 *
6107117-Y01,Outer weather strip left door glass,1,* MY22 MY22.5 *
6107118-Y01,Outer weather strip right door glass,1,* MY22 MY22.5 *
6107121-Y01,Inner weather strip left door glass,1,* MY22 MY22.5 *
6107122-Y01,Inner weather strip right door glass,1,* MY22 MY22.5 *
6107111-Y01,Seal strip front left door opening,1,* MY22 MY22.5 *
6107112-Y01,Seal strip front right door opening,1,* MY22 MY22.5 *
5206011-Y01,Sealing strip front windshield,1,* MY22 MY22.5 *
5701211-Y01,Sealing strip sunroof-left,1,* MY22 MY22.5 *
5701212-Y01,Sealing strip sunroof-right,1,* MY22 MY22.5 *
6107131-Y01,Sealing strip front triangle window-left,1,* MY22 MY22.5 *
6107132-Y01,Sealing strip front triangle window-right,1,* MY22 MY22.5 *
6107135-Y01,Upper sealing strip battery box,1,* MY22 MY22.5 *
6107136-Y01,Lower sealing strip battery box,1,* MY22 MY22.5 *
6107115-Y01,Front mud groove left door,1,* MY22 MY22.5 *
6107127-Y01,Rear mud groove left door,1,* MY22 MY22.5 *
6107116-Y01,Mud groove front right door,1,* MY22 MY22.5 *
6107128-Y01,Mud groove rear right door,1,* MY22 MY22.5 *
6104000-Y01,Glass Regulator System,1,* MY22 * *
6104110-Y01,Electric window regulator assy left door (Hall type),1,* MY22 MY22.5 *
6104110-Y01-A,Electric window regulator assy left door (non-Hall),1,* MY22 * *
6104120-Y01,Electric window regulator assy right door (Hall type),1,* MY22 MY22.5 *
6104120-Y01-A,Electric window regulator assy right door (non-Hall),1,* MY22 * *
6105500-Y01,Outer Handle System,1,* MY22 * *
8202000-Y01,Outer Rear-view Mirror System,1,* MY22 * *
8202010-Y01D,Left outer rear-view mirror assy,1,* MY22 MY22.5 *
8202011-Y01D,Left exterior rear-view mirror assy,1,* MY22 MY22.5 *
8202020-Y01D,Right outer rear-view mirror assy,1,* MY22 MY22.5 *
8202021-Y01D,Right exterior rear-view mirror assy,1,* MY22 MY22.5 *
2804200-Y01,Rear Bumper Hinge System,1,* MY22 * *
2804201-Y01,Rear bumper hinge assy-left,1,* MY22 MY22.5 *
2804202-Y01,Front bumper hinge assy-Right,1,* MY22 MY22.5 *
Q1460816,Hexagon head bolt spring washer and plain washer assy,4,* MY22 MY22.5 *
8208130-Y01,Retroreflector System,1,* MY22 * *
8200150-Y01,Welcome pedal assembly,1,* MY22 * *
8204001-Y01,Sun visor system,1,* MY22 * *
5810001-Y01,Seat belt system,1,* MY22 * *
8201001-Y01,Inner Rear-view Mirror System,1,* MY22 * *
5305010-Y01,Auxiliary dashboard accessories assy,1,* MY22 * *
8104010-Y01,Ventilating grill assy,1,* MY22 * *
8104011-Y01,Ventilating grill,2,* MY22 * *
6105300-Y01,Inner Handle System,1,* MY22 * *
6800100-Y01,Seat system,1,* MY22 * *
6800010-Y01,Front left seat assembly,1,* MY22 MY22.5 *
6900010-Y01,Front right seat assembly,1,* MY22 MY22.5 *
6800101-Y01,Trim cover seat bracket,4,* MY22 MY22.5 *
Q1860825,Hexagon bolt with flange,8,* MY22 MY22.5 *
Q402B08F62,Gasket mounting bolt seat,8,* MY22 * *
3900010-Y01,On-vehicle Tool System,1,* MY22 * *
5528250-Y01,Draw cord map pocket door assy,1,* MY22 * *
5528013-Y01,Draw cord assy map pocket door,2,* MY22 MY22.5 *
5528015-Y01,Net bag front passenger,1,* MY22 MY22.5 *
S29404001,Cross-recessed half-round large head self-tapping screw,5,* MY22 MY22.5 *
6101900-Y01,Door Waterproof Membrane Assy,1,* MY22 * *
8200100-Y01,Lifter rubber block system,1,* MY22 * *
5306150-Y01,Vehicle Identification Assy,1,* MY22 * *
5306153-Y01,Specification label of condenser fan,1,* MY22 MY22.5 *
5306154-Y01,A/C refrigerant label,1,* MY22 MY22.5 *
5306163-Y01,Tire label - 14 ,1,* MY22 MY22.5 *
5306164-Y01,Tire label - 15 ,1,* MY22 MY22.5 *
4100000-Y01,Lights System,1,* MY22 * *
4108010-Y01,License light assembly,2,* MY22 MY22.5 *
4123010-Y01,Ceiling light,1,* MY22 MY22.5 *
4133010-Y01-B,Rear left combination light assy,1,* MY22 * *
4133010-Y01-A,Rear left combination light assy,1,* MY22 * *
ZH860,Tail light buckle,4,* MY22 MY22.5 *
4133020-Y01-B,Rear right combination light assy,1,* MY22 * *
4133020-Y01-A,Rear right combination light assy,1,* MY22 * *
5702001-Y01,Roof system,1,* MY22 * *
5702010-Y01D,Roof cover assembly,1,* MY22 * *
5702015-Y01,Butyl rubber adhesive tape for waterproof and sealing,1,* MY22 MY22.5 *
5702017-Y01,Waterproof sealing washer roof cover,4,* MY22 MY22.5 *
802011,Sealant front windscreen (soft),1,* MY22 * *
5400009-Y01,Exterior SystemSide Wall ,1,* MY22 * *
5400010-Y01D,Trim panel assy front upper section left wall,1,* MY22 MY22.5 *
5400030-Y01D,Trim panel assy rear upper section left wall,1,* MY22 MY22.5 *
5400331-Y01,Left side body outer small trim,1,* MY22 * *
5400332-Y01,Left side body inner small trim,1,* MY22 * *
5400020-Y01D,Trim panel assy front upper section right wall,1,* MY22 MY22.5 *
5400040-Y01D,Trim panel assy rear upper section right wall,1,* MY22 MY22.5 *
5400341-Y01,Right side body outer small trim,1,* MY22 * *
5400342-Y01,Right side body inner small trim,1,* MY22 * *
8403100-Y01,fender  system,1,* MY22 * *
5302000-Y01,Front Windshield Lower Trim Panel System,1,* MY22 * *
5302003-Y01,Front flow flume body,1,* MY22 * *
8402500-Y01,Hood Trim System,1,* MY22 * *
B8402510-Y01D,Front hood assy,1,* MY22 * *
8402517Y01A,Left mount hood,1,* MY22 * *
8402518Y01A,Right mount hood,1,* MY22 * *
5302010-Y01,Cover plate assy front charging port,1,* MY22 * *
5302011-Y01D,Cover plate front charging port,1,* MY22 MY22.5 *
5302013-Y01,Inner plate front charging port,1,* MY22 * *
5302015-Y01,Front charging port base,1,* MY22 * *
5302017-Y01,Rotating shaft front charging port,1,* MY22 * *
Q5002525,Split pin,1,* MY22 * *
Z054,spring,1,* MY22 * *
5302030-Y01,Front charging port base assy,1,* MY22 MY22.5 *
2803000-Y01,Front bumper system,1,* MY22 * *
2803010-Y01D,Front bumper body assy,1,* MY22 MY22.5 *
2803001-Y01D,Front bumper body,1,* MY22 MY22.5 *
Z039,Screw,4,* MY22 MY22.5 *
2804500-Y01,Rear bumper system,1,* MY22 * *
2804520-Y01D,Movable door assy rear bumper,1,* MY22 MY22.5 *
2804515-Y01,Anti-theft bolt M8*45,2,* MY22 MY22.5 *
2804507,?25 blanking cap,2,* MY22 MY22.5 *
5306001-Y01,Dashboard System,1,* MY22 * *
5306131-Y01,Instrument Panel,1,* MY22 MY22.5 *
5306104-Y01,Air duct central air outlet,1,* MY22 MY22.5 *
5306136-Y01,Left defrosting duct,1,* MY22 MY22.5 *
5306141-Y01,Right defrosting duct,1,* MY22 MY22.5 *
5306030-Y01,Front defrost assembly,1,* MY22 MY22.5 *
5306002-Y01,Combination Switch Shield System,1,* MY22 * *
3774011-Y01,Steering shield-upper,1,* MY22 MY22.5 *
3774013-Y01,Steering shield-lower ,1,* MY22 MY22.5 *
5305001-Y01,Auxiliary Dashboard System,1,* MY22 * *
5402001-Y01,Column Guard Panel System,1,* MY22 * *
5402021-Y01,Guard panel inside front right wall side wall,1,* MY22 MY22.5 *
5703001-Y01,Interiors and Ceiling System,1,* MY22 * *
6102001-Y01,front door system,1,* MY22 * *
6102071-Y01,Trim panel front window left door,1,* MY22 MY22.5 *
6102075-Y01D,Left door outer panel,1,* MY22 MY22.5 *
6102073-Y01D,Left door upper trim panel,1,* MY22 MY22.5 *
6102011-Y01,Left door inner panel,1,* MY22 MY22.5 *
6102079-Y01,Mounting plate PE Switch,1,* MY22 MY22.5 *
6102081-Y01,Trim panel front window right door,1,* MY22 MY22.5 *
6102076-Y01D,Right door outer panel,1,* MY22 MY22.5 *
6102040-Y01,Right door inner panel assembly,1,* MY22 MY22.5 *
6102021-Y01,right door Inner panel,1,* MY22 MY22.5 *
6302001-Y01,Tailgate system,1,* MY22 * *
6302010-Y01,Tailgate assembly,1,* MY22 MY22.5 *
3100107-Y01,Steel rim trim cover,4,* MY22 MY22.5 *
3100108-Y01,Steel rim trim cover steel rim,4,* MY22 MY22.5 *
5200010-Y01,Windshield Glass System,1,* MY22 * *
5109100-Y01,Carpet system,1,* MY22 * *
5109101-Y01,Carpet body,1,* MY22 MY22.5 *
5109106-Y01,Insulator cushion I carpet,1,* MY22 MY22.5 *
5109107-Y01,Insulator cushion II carpet,1,* MY22 MY22.5 *
5109108-Y01,Insulator cushion III carpet,2,* MY22 MY22.5 *
2101010Y0205,Power battery box,1,* * MY22.5 *
2101014-Y01,Battery box assembly,1,* * MY22.5 *
210101AY0205,Battery negative wiring harness,1,* * MY22.5 *
210101CY0205,Battery box communication wiring harness,1,* * MY22.5 *
2101020Y0205,Power battery module,3,* * MY22.5 *
2101011Y0205,Battery sampling unit? BSU?,3,* * MY22.5 *
2109013Y0205,Left mounting bracket BSU,3,* * MY22.5 *
2109014Y0205,Rightt mounting bracket BSU,3,* * MY22.5 *
2109010Y0205,Control box power system (formerly HV box),1,* * MY22.5 *
2109011Y0205,Power system control box body,1,* * MY22.5 *
2101012Y0205,HV sampling case,1,* * MY22.5 *
2109113Y0205,Communications wiring harness high-voltage box,1,* * MY22.5 *
2105030Y0205,High voltage wiring harness auxiliary system,1,* * MY22.5 *
2107020Y0200,European standard charging base,1,* * MY22.5 *
2108010Y0205,Vehicle control unit,1,* * MY22.5 *
3601010Y0205,Body control module?BCM?,1,* * MY22.5 *
4002010Y0205,auxi,1,* * MY22.5 *
4003010Y0205,Main wiring harness assy,1,* * MY22.5 *
4003020Y0205,Auxiliary dashboard wiring harness assy,1,* * MY22.5 *
8103011Y0205,Bracket gp-electric compressor,1,* * MY22.5 *
8105010Y0205,Condenser assembly,1,* * MY22.5 *
8108010Y0205,Compressor suction pipe (EU filler),1,* * MY22.5 *
8108020Y0205,Compressor exhaust pipe,1,* * MY22.5 *
8108030Y0205,Fluid inlet pipe evaporation tank,1,* * MY22.5 *
8112010Y0205,Air conditioning control panel assembly,1,* * MY22.5 *
Q38312,II type Hexagon slotted nut,2,* * MY22.5 *
Q5003222,Split pin,2,* * MY22.5 *
Q67405150,Plastic fastening strip,1,* * MY22.5 *
5010010Y0205,Body-in-white frame assy,1,* * MY22.5 *
5101210Y0205,Framework assy front compartment,1,* * MY22.5 *
5301000Y0205,Front wall assy,1,* * MY22.5 *
Q2620625,Cross groove pan-headed screw M5 16,4,* * MY22.5 *
8402510-Y01D,Front hood assy,1,* * MY22.5 *
3508100Y0230,Parking control handle,1,* * * MY24
3508200Y0230,Front parking cable,1,* * * MY24
3508300Y0230,Left parking cable,1,* * * MY24
3508400Y0230,Right parking cable,1,* * * MY24
S99035001,Universal pipe clamp ?20?10,1,* * * MY24
3540102Y0240-Z001,Vacuum tank with sensor assembly,1,* * * MY24
3540103Y0240-Z001,Electronic vacuum pump with exhaust pipe assembly,1,* * * MY24
3540104Y0240,Vent hose electronic vacuum pump,1,* * * MY24
3540400Y0240,Vacuum hose,1,* * * MY24
S18406002,Hexagon flange face bolts M6*45 Silver Dacromet,2,* * * MY24
3506011Y0240,First out of the oil hard tube,1,* * * MY24
3506012Y0240,The second oil out of the hard tube,1,* * * MY24
3506013Y0240,Front left brake pipe,1,* * * MY24
3506014Y0240,Front right brake pipe,1,* * * MY24
3506015Y0240,Rear left brake hard tube I,1,* * * MY24
3506016Y0240,Rear right brake hard tube I,1,* * * MY24
3506100Y0230,Front left brake hose,1,* * * MY24
3506116Y0240,Single hole pipe clip,2,* * * MY24
3506200Y0230,Front right brake hose,1,* * * MY24
3550300Y0240,Front left wheel speed sensor,1,* * * MY24
3550400Y0240,Front right wheel speed sensor,1,* * * MY24
3506113Y0240,Double-hole pipe clip,2,* * * MY24
3506300Y0240,Rear brake hose assembly,2,* * * MY24
3506020Y0230,Rear brake hard tube III,2,* * * MY24
3506017Y0240,Rear left brake hard tube II,1,* * * MY24
3506018Y0240,Rear right brake hard tube II,5,* * * MY24
3550500Y0240B,Rear left wheel speed sensor,1,* * * MY24
3550600Y0240B,Rear right wheel speed sensor,1,* * * MY24
3550100Y0230,ABS controller assembly,1,* * * MY24
3569100Y0240,Brake pedal assy,1,* * * MY24
3540113Y0210,Brake fluid tank cap,1,* * * MY24
2914300Y0240,Thrust rod assy,2,* * * MY24
S18512901,Hexagon flange bolt M12*90*P1.25 Silver Dacromet 10.9 class,2,* * * MY24
3100101Y0230,Tire (155/70-R13),4,* * * MY24
3100106Y0230,13 inch steel wheel,4,* * * MY24
3100102Y0240,Inflating valve (TR418),4,* * * MY24
5306163Y0230,Tire tag -13 inches,1,* * * MY24
3100101Y0241,Tire  (155/60-R15),4,* * * MY24
3100102Y0241,Inflating valve (TR413),4,* * * MY24
5306164Y0210,Tire label - 15 ,1,* * * MY24
Z3400104Y0240,Steering wheel with switch assembly,1,* * * MY24
3400104Y0240,Steering wheel assembly,1,* * * MY24
3400135Y0230,Horn hood,1,* * * MY24
3400102Y0230,Steering lower shaft assy,1,* * * MY24
Q32312F61,Steering wheel nut,1,* * * MY24
3400161Y0210,Steering column and motor,1,* * * MY24
3400162Y0210,Universal joint steering column,1,* * * MY24
Q1420830T13F61,Hexagon head bolt and spring washer assembly,1,* * * MY24
3400166Y0210,Hexagon head bolt spring washer and plain washer assy,2,* * * MY24
3400165Y0210,EPS Controller bracket,1,* * * MY24
3400164Y0210,EPS Controller,1,* * * MY24
S18608006,Hexagon flange bolt M8*70 color zinc T,1,* * * MY24
3400101Y0230,Steering gear with tie rod assembly,1,* * * MY24
S50032002,Split pin,2,* * * MY24
Q381B12,Type I hexagon slotted nut,2,* * * MY24
3400113Y0210,Steering wheel ball head,2,* * * MY24
3400111Y0230,Steering gear body with inner tie rod,1,* * * MY24
3400116Y0210,Dust cover,2,* * * MY24
16850006,Dust cover clamp,2,* * * MY24
16812004,Dust cover tube collar,2,* * * MY24
3400115Y0210,Sealant sleeve,1,* * * MY24
3400114Y0210,Sealed base,1,* * * MY24
2801100Y0240,Front auxiliary frame assy,1,* * * MY24
3501102Y0230,Front right brake with steering knuckle assy,1,* * * MY24
3501101Y0230,Front left brake with steering knuckle assy,1,* * * MY24
3501112Y0230,Left steering knuckle belt intermediate shaft,1,* * * MY24
3501113Y0230,Left brake caliper assy,1,* * * MY24
3501122Y0230,Right steering knuckle with intermediate shaft,1,* * * MY24
3501123Y0230,Right brake caliper assy,1,* * * MY24
3501114Y0230,Wheel hub unit with ABS gear ring,2,* * * MY24
3501111Y0230,Brake disc,2,* * * MY24
3501115Y0230,Front outer Brake lining,2,* * * MY24
3501117Y0240,Caliper bracket mounting bolt (with flange),4,* * * MY24
3501118Y0240,Center nut,2,* * * MY24
3501120Y0240,End cover,2,* * * MY24
3501116Y0230,Front left inner Brake lining,1,* * * MY24
3501126Y0230,Front right inner Brake lining,1,* * * MY24
Z2912100Y0230,Rear drive axle with parking cable assembly,1,* * * MY24
2912101Y0230,Brake drum,2,* * * MY24
2912102Y0230,Right brake assembly,1,* * * MY24
2912103Y0230,Shaft assembly,2,* * * MY24
2912104Y0230,Oil seal for half shaft,2,* * * MY24
2912105Y0230,Rear axle housing assembly,1,* * * MY24
2912106Y0230,Left brake assy,1,* * * MY24
2912107Y0230,Final drive assy,1,* * * MY24
2912108Y0230,Brake connection bolt,8,* * * MY24
2912109Y0230,Washer 10,8,* * * MY24
2912110Y0230,Brake connection nut,8,* * * MY24
2912111Y0230,Final drive connection nut M8,8,* * * MY24
2912112Y0230,Washer 8,8,* * * MY24
2912113Y0230,Breather valve,1,* * * MY24
2912114Y0230,Drain plug assembly,1,* * * MY24
2912115Y0230,Drain plug gasket,1,* * * MY24
2912116Y0230,Filler plug gasket,1,* * * MY24
2912117Y0230,Filler plug,1,* * * MY24
2912118Y0230,Left brake shoe assembly,1,* * * MY24
2912119Y0230,Right brake shoe assembly,1,* * * MY24
2103010Y0250,Drive motor,1,* * * MY24
2103020Y0240,Motor three-phase wire harness bracket,1,* * * MY24
2108010Y0250,VCU assembly,1,* * * MY24
2105040Y0230,PTC& Compressor conversion cable,1,* * * MY24
2105050Y0230,High voltage wiring harness, auxiliary system,1,* * * MY24
2105020Y0230,High voltage switching harness, auxiliary system,1,* * * MY24
2107020Y0230,Charging socket (EN),1,* * * MY24
2107060Y0230,Three-in-one assembly,1,* * * MY24
2107061Y0230,Three-in-one upper left bracket,1,* * * MY24
2107062Y0230,Three-in-one lower bracket,1,* * * MY24
2107063Y0230,Three-in-one upper right bracket,1,* * * MY24
S18406004,Hexagon flange bolt M6*16*P1 Black zinc 8.8 grade,6,* * * MY24
2107064Y0230,63A fuse,2,* * * MY24
Z2101100Y0230,Power Battery Box device,1,* * * MY24
Z2101100Y0280,Power Battery Box device,1,* * * MY24
210101AY0230,Battery negative wiring harness,1,* * * MY24
2101019Y0230,Battery positive wiring harness,1,* * * MY24
210101DY0230,The positive and negative battery wires pass through the hole rubber plug,2,* * * MY24
Z2109100Y0230,High voltage box assembly,1,* * * MY24
2109010Y0230B,High voltage box,1,* * * MY24
2101518Y0240,Shunt,1,* * * MY24
2109011Y0250,High-voltage box casing assy,1,* * * MY24
2109015Y0250,150A relay,1,* * * MY24
2109018Y0250,300A slow-blow fuse,1,* * * MY24
2101515Y0240,Heating fuse,1,* * * MY24
2109112Y0250,25?60W precharged resistor,1,* * * MY24
2109113Y0250,Communications wiring harness, high-voltage box,1,* * * MY24
3601010Y0240,Body control module,1,* * * MY24
3721010Y0240,High pitch horn,1,* * * MY24
3774010Y0230,Combination switch assembly,1,* * * MY24
3781010Y0250,Shift switch,1,* * * MY24
3766010Y0230,Warning switch,1,* * * MY24
3746010Y0240,Windows regulator control switch,2,* * * MY24
3774020Y0230,Clock spring assembly,1,* * * MY24
4002010Y0230,Front compartment wiring harness assy,1,* * * MY24
4002020Y0230,Roof wiring harness assy,1,* * * MY24
4002030Y0240,Left door wiring harness assy,1,* * * MY24
4002040Y0240,Right door wiring harness assy,1,* * * MY24
4003010Y0230,Main wiring harness assy,1,* * * MY24
4002200Y0230,Right body wiring harness assy,1,* * * MY24
4003020Y0230,Auxiliary dashboard wiring harness assy,1,* * * MY24
4013010Y0250,Tailgate wiring harness assy,1,* * * MY24
4013020Y0250,Rear bumper harness assy,1,* * * MY24
4003011Y0210,Bracket, main wiring harness,1,* * * MY24
S14606121,Hexagon head bolt, spring washer and flat washer assembly M6*12*P1 Silver Dacromet 8.8,1,* * * MY24
5207030Y0240,Washing hose,1,* * * MY24
5207010Y0240,Washing Kettle Assembly,1,* * * MY24
5207020Y0240,Dust cap for filling port of washing kettle,1,* * * MY24
S99006201,Hexagon head bolt, spring washer and large flat washer assembly M6*20*P1 Black Dacromet 8.8,2,* * * MY24
3820050Y0205,Steering wheel switch,1,* * * MY24
3820010Y0205,GPS antenna and radio antenna assembly,1,* * * MY24
7911010Y0241,Speaker,2,* * * MY24
3820021Y0205,Host machine,1,* * * MY24
3820022Y0205,Liquid crystal screen,1,* * * MY24
7925020Y0240,USB assy, auxiliary dashboard,1,* * * MY24
7925030Y0240,USB assy, Instrument panel,1,* * * MY24
3820010Y0230,Radio and navigation antenna assembly,1,* * * MY24
3820011Y0230,Antenna mounting bracket,1,* * * MY24
8103010Y0230,Electric compressor assembly,1,* * * MY24
8103011Y0230,Electric compressor bracket assy,2,* * * MY24
8108020Y0230,Compressor exhaust pipe,1,* * * MY24
8108040Y0230,Refrigeration line assembly,1,* * * MY24
5306153Y0210,Specification label, condenser fan,1,* * * MY24
5306154Y0230,Refrigerant label, air conditioning,1,* * * MY24
S18608007,Hexagon flange face bolt M8*150 silver Dacromet,2,* * * MY24
8112010Y0240,Air conditioning control panel assembly,1,* * * MY24
7925041Y0210,GPS+4G antenna,1,* * * MY24
3703010Y0230,12V Battery,1,* * * MY24
6301711Y0240,Back door hinges reinforce plate left assembly,1,* * * MY24
6301713Y0240,Back door hinges reinforce plate right assembly,1,* * * MY24
6301591Y0240,Taildoor lock mounting bracket assembly,1,* * * MY24
5101571Y0240,Torque beam mounting bracket assembly,1,* * * MY24
5101272Y0240,Upper mounting bracket, condenser,2,* * * MY24
S18608201,Hexagon flange bolt with guide M8*20*P1.25 Silver Dacromet 8.8 class,2,* * * MY24
5133832Y0280,Rear bumper mounting bracket ?,1,* * * MY24
5101850-Y01,Front suspension spring reinforced beam outer plate assembly - left,1,* * * MY24
5101860-Y01,Front suspension spring strengthens beam outer plate assembly - right,1,* * * MY24
5133834Y0280,Rear bumper mounting bracket ?,2,* * * MY24
5701090-Y01,Top stringer assembly,1,* * * MY24
5701011-Y01,Cover the front cross beam on the cover,1,* * * MY24
5701030-Y01,Roof front beam lower plate assembly,1,* * * MY24
5701020Y0240,Top cover rear beam assembly,1,* * * MY24
5601112Y0280,Top cover rear beam assembly,1,* * * MY24
5401111-Y01,Left side outer panel,1,* * * MY24
5401110-Y01,Rear bumper mounting bracket assembly- left,1,* * * MY24
5401150-Y01,Left side surrounding rear flow sink assembly,1,* * * MY24
5101551-Y01,Integrated mounting bracket,1,* * * MY24
5401810-Y01,Door latch mounting plate assembly, left,1,* * * MY24
5401301-Y01,Left pillar A reinforcing plate,1,* * * MY24
5401303-Y01,Left pillar A strengthens the upper plate segment,1,* * * MY24
5401310-Y01,Upper left hinge reinforced plate assembly,1,* * * MY24
5401330-Y01,Left lower hinge reinforced plate assembly,1,* * * MY24
5401313Y0230,Headlight bracket ? - left assembly,1,* * * MY24
5401011-Y01,Left roof front beam connecting plate,1,* * * MY24
5401015-Y01,Left top side beam inner plate,1,* * * MY24
5401017-Y01,Left posterior medial segment,1,* * * MY24
5401710Y0240,Upper section assy left side inner panel around rear,1,* * * MY24
5701037Y0240,Rear hinge reinforcing plate left,1,* * * MY24
5401713Y0240,Seat belt nut plate assembly,1,* * * MY24
5401240Y0230,Inner panel assy, right doorsill,1,* * * MY24
5401112-Y01,Right side outer panel,1,* * * MY24
5401120-Y01,Rear bumper mounting bracket assembly- right,1,* * * MY24
5401160-Y01,Right side surrounding rear flow sink assembly,1,* * * MY24
5401820-Y01,Right door latch mounting plate assembly,1,* * * MY24
5401302-Y01,Right A-pillar reinforced plate,1,* * * MY24
5401304-Y01,Right pillar A strengthens the upper plate segment,1,* * * MY24
5401320-Y01,Right upper hinge reinforcing plate assembly,1,* * * MY24
5401340-Y01,Lower right hinge reinforcing plate assembly,1,* * * MY24
5401413Y0230,Headlight bracket ? - right assembly,1,* * * MY24
5401012-Y01,Right top front beam connecting plate,1,* * * MY24
5401016-Y01,Right top side beam inner plate,1,* * * MY24
5401018-Y01,Right side surrounding inferior posterior inner plate,1,* * * MY24
5401810Y0240,Upper panel assembly, right side perimeter back inner panel,1,* * * MY24
5701038Y0240,Rear hinge reinforced plate right,1,* * * MY24
5130158Y0240,Battery bottom skeleton beam ? - left,1,* * * MY24
5130258Y0240,Battery bottom skeleton beam ? - right,1,* * * MY24
5101790Y0230,Middle floor lower beam assy ?,1,* * * MY24
5301037-Y01,Mounting bracket assembly on the lower right of the front wall,1,* * * MY24
5101503-Y01,Rear repair cover plate support plate,1,* * * MY24
5101803-Y01,Rear floor seal - Left,1,* * * MY24
5101804-Y01,Back floor seal - Right,1,* * * MY24
5601130-Y01,Rear inner panel assembly,1,* * * MY24
5101950Y0230,Center floor seal assembly - left,1,* * * MY24
5101960Y0230,Middle floor seal assembly - right,1,* * * MY24
5101801-Y01,Seat back sealing plate,1,* * * MY24
5101751-Y01,Bucket body,1,* * * MY24
5101753-Y01,Bucket seal plate - left,1,* * * MY24
5101745Y0230,Bucket seal plate - right assembly,1,* * * MY24
5102630-Y01,Seat reinforced front beam assembly,1,* * * MY24
5102620Y0250,Seat reinforcement rear beam assembly,1,* * * MY24
5101331Y0230,Auxiliary dashboard mounting front bracket assembly,1,* * * MY24
5101341Y0230,Auxiliary dashboard mounting rear bracket assembly,1,* * * MY24
5101759Y0230,Handbrake mounting bracket assembly,1,* * * MY24
5130100Y0250,Rear left stringer assembly,1,* * * MY24
5130200Y0250,Rear right stringer assembly,1,* * * MY24
5130710Y0240,Rear floor skeleton beam ? assembly,1,* * * MY24
5130301Y0240,Rear floor skeleton stringer ? - left assembly,1,* * * MY24
5130401Y0240,Rear floor skeleton stringer ? - right assembly,1,* * * MY24
5130156Y0240,Rear left floor frame stringer ? patch plate,1,* * * MY24
5130256Y0240,Rear right floor frame stringer ? patch,1,* * * MY24
5301120Y0210,Accelerator pedal mounting bracket assembly,1,* * * MY24
5301400-Y01,Front wheel cover - right assembly,1,* * * MY24
5301300-Y01,Front wheel cover - left assembly,1,* * * MY24
5101739Y0210,Steering column mounting base,1,* * * MY24
5101731-Y01,Middle floor body,1,* * * MY24
5101480Y0240,Front outer plate assembly, Front right stringer,1,* * * MY24
5101490Y0240,Front outer plate assembly, Front left stringer,1,* * * MY24
5101573-Y01,Front suspension spring strengthens inner beam plate - left,1,* * * MY24
5101311-Y01,Front suspension spring support upper plate - left,1,* * * MY24
5101131Y0240,Front suspension spring support lower plate - left assembly,1,* * * MY24
5101577Y0240,Front wheel cover connection plate - left assembly,1,* * * MY24
5101710-Y01,Headlight mounting bracket II - Left assembly,1,* * * MY24
5101574-Y01,Front suspension spring strengthens inner beam plate - right,1,* * * MY24
5101141Y0240,Front suspension spring support lower plate - right assembly,1,* * * MY24
5101143Y0240,Front wheel cover connection plate - right assembly,1,* * * MY24
5101720-Y01,Headlight mounting bracket II - right assembly,1,* * * MY24
5101312-Y01,Front suspension spring support upper plate - right,1,* * * MY24
5101933-Y01,Rear brake hose bracket,2,* * * MY24
5101470Y0230,Front frame left stringer assembly,1,* * * MY24
5101390Y0230,Front frame right stringer assembly,1,* * * MY24
5101820Y0240,Charging socket lower beam assembly,1,* * * MY24
5101830Y0240,Charging socket upper beam assembly,1,* * * MY24
5101291Y0240,Front protection mounting bracket - right component,1,* * * MY24
5101283Y0240,Front protection mounting bracket - left assembly,1,* * * MY24
5101287Y0240,Front protection mounting bracket connecting plate left assembly,1,* * * MY24
5101297Y0240,Front protection mounting bracket connecting plate right assembly,1,* * * MY24
5301110Y0240,Front wall body assembly,1,* * * MY24
5301151-Y01,Brake pump mounting plate,1,* * * MY24
5301165Y0210,Air conditioning host small bracket assembly,1,* * * MY24
5301153Y0250,Front wall upper left reinforcing plate assembly,1,* * * MY24
5101174-Y01,Middle floor lower beam sealing plate,1,* * * MY24
5101178Y0240,Stringer reinforcing plate middle left,1,* * * MY24
5101278Y0240,Stringer reinforcing plate middle right,1,* * * MY24
5101650Y0240,Middle floor lower stringer left assembly,2,* * * MY24
5103760Y0240,Middle floor rear beam assembly,1,* * * MY24
5101770Y0240,Middle floor lower beam assembly ?,1,* * * MY24
5101910Y0240,Rear left swing arm mounting base assembly,1,* * * MY24
5101920Y0240,Rear right swing arm mounting base assembly,1,* * * MY24
5101981Y0240,Beam connector ? left assembly,1,* * * MY24
5101991Y0240,Beam connector ? right assembly,1,* * * MY24
5130128Y0240,Rear brake hose bracket left ?,2,* * * MY24
5104760-Y01,Middle floor lower beam assembly ?,1,* * * MY24
5101175Y0230,Handbrake wire fixed bracket,1,* * * MY24
5301190Y0240,Front wall reinforcement beam assembly,1,* * * MY24
5301103Y0240,Front wall reinforcement under beam assembly,1,* * * MY24
5301140Y0205,Brake pedal mounting bracket ? assembly,1,* * * MY24
5301050Y0250,Right wiper mounting bracket assembly,1,* * * MY24
5301510-Y01,Wiper holder assembly,1,* * * MY24
5301530-Y01,Front windshield upper beam assembly,1,* * * MY24
5301570Y0240,Front windshield lower beam assembly,1,* * * MY24
5301039-Y01,Upper mounting bracket reinforcing plate, the steering column,1,* * * MY24
5301541-Y01,Upper mounting bracket assembly, steering column,1,* * * MY24
5301971Y0230,VCU mounting bracket assembly,1,* * * MY24
5101125Y0230,Underfloor protection panel mounting bracket assembly,2,* * * MY24
S37110003,Rectangular nut M10*1.25 Dacromet 10 class,2,* * * MY24
5133812Y0250,Battery lower skeleton beam ?,1,* * * MY24
5133820Y0280,Battery lower skeleton beam assembly,1,* * * MY24
5133992Y0210B,Front cover plate, power battery box,1,* * * MY24
5133820Y0250,Battery lower skeleton beam assembly,1,* * * MY24
5109105-Y01B,Footrest pad,1,* * * MY24
B5305040Y0230,Armrest assy,1,* * * MY24
5305065Y0230,Rubber pad,1,* * * MY24
5305064Y0230D,Left trim panel, Armrest,1,* * * MY24
5305066Y0230D,Right trim panel, Armrest,1,* * * MY24
5306020Y0240,Upper Body assembly, instrument panel,1,* * * MY24
5306134Y0240,Storage box, instrument panel,1,* * * MY24
5306140-Y01,Right tuyere assy,1,* * * MY24
5306151Y0240D,Instrument mask,1,* * * MY24
5306040Y0210,Lower body assembly, instrument panel,1,* * * MY24
5306208Y0230,Instrument front pad,3,* * * MY24
5402011Y0230,Guard panel, inside front left wall, side wall,1,* * * MY24
5703011Y0240,Roof ceiling, interior,1,* * * MY24
5703021Y0240,Service opening cap, left hinge, tailgate,1,* * * MY24
5703022Y0240,Service opening cap, right hinge, tailgate,1,* * * MY24
6102031Y0240D,Intermediate left trim panel,1,* * * MY24
6102021Y0260,Right door Inner panel,1,* * * MY24
6102041Y0240D,Intermediate right trim panel,1,* * * MY24
6102050Y0260,Hidden hook,1,* * * MY24
6302011Y0250,Tailgate,1,* * * MY24
6302016Y0240,Service cover,1,* * * MY24
5109101Y0230,Carpet body,1,* * * MY24
5109150Y0230,Access panel,1,* * * MY24
5109103Y0230,Trunk cover plate,1,* * * MY24
5305010Y0230,Auxiliary dashboard body assembly,1,* * * MY24
5305016Y0230,Auxiliary dashboard lower trim body,1,* * * MY24
5305013Y0230,Cup pad,1,* * * MY24
5305014Y0230,Middle storage box pad,1,* * * MY24
5305017Y0230D,Spray paint panel assembly, auxiliary dashboard,1,* * * MY24
3102111Y0240,Guard panel, front left wheel cowling,1,* * * MY24
3102112Y0240,Guard panel, front right wheel cowling,1,* * * MY24
3102113Y0240,Guard panel, rear left wheel cowling,1,* * * MY24
3102117Y0240,Side trim panel, rear left wheel cowling,1,* * * MY24
3102114Y0240,Guard panel, rear right wheel cowling,1,* * * MY24
3102118Y0240,Side trim panel, rear right wheel cowling,1,* * * MY24
5603100Y0250,Rear windshield glass assy,1,* * * MY24
5206010Y0240,Front windshield glass,1,* * * MY24
5107103Y0230,Bottom guard,1,* * * MY24
3100120Y0230,Steel wheel rim trim cap assy,4,* * * MY24
5400100Y0240D,Trim panel assy, front upper section, left wall,1,* * * MY24
5400300Y0240D,Trim panel assy, rear upper section, left wall,1,* * * MY24
5400500Y0260D,Left side small trim assembly,1,* * * MY24
5400777-Y01,Buckle,4,* * * MY24
Q221B4213F71,Cross recessed pan head tapping screw and flat washer assembly,4,* * * MY24
5400773-Y01D,Left lower threshold,1,* * * MY24
5400315Y0210,Long D-shaped buckle,2,* * * MY24
5400324Y0210,Waterproof sponge mat,1,* * * MY24
S99006161,Internal pan head screw and plastic washer assembly M6*16*P1 Black zinc-nickel,4,* * * MY24
5400783-Y01D,Right lower threshold,1,* * * MY24
5400200Y0240D,Trim panel assy, front upper section, right wall,1,* * * MY24
5400400Y0240D,Trim panel assy, rear upper section, right wall,1,* * * MY24
5400600Y0260D,Right side small trim assembly,1,* * * MY24
5702110Y0240D,Roof cover assembly,1,* * * MY24
5702301Y0240,Roof cover F-bolt,6,* * * MY24
5702018Y0240,Waterproof gasket, roof cover,10,* * * MY24
6102500Y0240D,Left door outer panel,1,* * * MY24
6102073Y0240D,Upper trim panel, left door,1,* * * MY24
6102057Y0260,Metal V-fastener,13,* * * MY24
6102079Y0240,Mounting plate, PE Switch,1,* * * MY24
6102052Y0240,Mounting bolt, outer panel, door,3,* * * MY24
6102507Y0240,Dustproof sponge,1,* * * MY24
6102055Y0240,A-type reed nut-ST4.2,1,* * * MY24
6102509Y0240,Felt 100X20X0.7,1,* * * MY24
6102600Y0240D,Right door outer panel,1,* * * MY24
6102074Y0240D,Upper trim panel, right door,1,* * * MY24
5306158Y0230,Pro logo,1,* * * MY24
5302100Y0240,Front wiper cover plate assembly,1,* * * MY24
5302102Y0240,Washing liquid Filling port Cover (I),1,* * * MY24
5302200Y0240,Front flow tank body assembly,1,* * * MY24
5302700Y0210D,Front left combination light upper trim panel,1,* * * MY24
5302800Y0210D,Front right combination light upper trim panel,1,* * * MY24
5704100Y0240,Left roof ceiling glass assy,1,* * * MY24
5701211Y0230,Roof ceiling glass sealing rubber strip - Left,1,* * * MY24
5704200Y0240,Right Left roof ceiling glass assy,1,* * * MY24
5701212Y0230,Roof ceiling glass sealing rubber strip - right,1,* * * MY24
8403101Y0240D,Left fender,1,* * * MY24
8403107Y0240,Plastic nut seat,10,* * * MY24
8403105Y0240,Left fender bracket,1,* * * MY24
8403201Y0240D,Right fender,1,* * * MY24
8403205Y0240,Right fender bracket,1,* * * MY24
8403109Y0240,Mushroom Buckle -(Length 25 width 20 thickness 5.5),6,* * * MY24
2803013Y0240,Mounting bracket, front bumper-left,1,* * * MY24
2803014Y0240,Mounting bracket, front bumper-right,1,* * * MY24
2804100Y0250D,Rear bumper body assy,1,* * * MY24
2804530Y0210,Sliding door interior trim panel,1,* * * MY24
2804201Y0240,Mounting bracket, rear left bumper,1,* * * MY24
2804301Y0240,Mounting bracket, rear right bumper,1,* * * MY24
2804101Y0250D,Rear bumper body,1,* * * MY24
2804102Y0250D,Rear bumper lower trim plate,1,* * * MY24
4133041Y0240,Rear left retroreflector,1,* * * MY24
4133042Y0240,Rear right retroreflector,1,* * * MY24
6302010Y0240D,Upper panel, spoiler hood,1,* * * MY24
6103200Y0240,Windshield assy, right door,1,* * * MY24
6104120Y0230,Electric window regulator assy, right door,1,* * * MY24
6103100Y0240,Windshield assy, left door,1,* * * MY24
6104110Y0230,Electric window regulator assy, left door,1,* * * MY24
6107118Y0230,Outer weather strip, right door glass,1,* * * MY24
6107117Y0230,Outer weather strip, left door glass,1,* * * MY24
6309110Y0240,Air spring,2,* * * MY24
6309200Y0240,Tailgate hinge,2,* * * MY24
6309103Y0240,Ball stud, air spring,2,* * * MY24
S99008001,Hexagon flange nut M8 Silver Dacromet,4,* * * MY24
6309300Y0240,Tailgate buffer block,2,* * * MY24
6309101Y0240,Mounting bracket, pneumatic stay bar, tailgate- left,1,* * * MY24
6309102Y0240,Mounting bracket, pneumatic stay bar, tailgate- right,1,* * * MY24
Z6900100Y0230,Front left seat assembly,1,* * * MY24
Z6900200Y0230,Front right seat assembly,1,* * * MY24
S40210002,Large washer ?10 black Dacromet,4,* * * MY24
8201010Y0205,Inner rear-view mirror,1,* * * MY24
8204010Y0230,Sun visor assembly,2,* * * MY24
5606032Y0210,Handle, front charging port cap lock,1,* * * MY24
5606033Y0210,Cap lock cable, front charging port,1,* * * MY24
4133010Y0250,Rear left combination light assy,1,* * * MY24
4133020Y0250,Rear right combination light assy,1,* * * MY24
6105207Y0260,Trim, door lock latch,2,* * * MY24
5606011Y0205,Electric lock system body, tailgate,1,* * * MY24
4121010Y0210,Front left combination light assy (Thick-walled part of daytime running light),1,* * * MY24
4121901Y0210,H7 bulb,2,* * * MY24
4121903Y0210,Rear cover, front left combination light,2,* * * MY24
4121020Y0210,Front right combination light assy (Thick-walled part of daytime running light),1,* * * MY24
5111020Y0280,Hot melt ?20 hole plug,4,* * * MY24
5111040Y0280,Hot melt ?40 hole plug,4,* * * MY24
5107018Y0210,Hole sticker ?25,18,* * * MY24
5107101Y0240,?25 Special plug cover for sliding and cocking holes,2,* * * MY24
5302105Y0230,Filler cap tool,1,* * * MY24
